title,avg_rating,num_ratings,category
'Til There Was You (1997),2.3333333333333335,9,Flop
1-900 (1994),2.6,5,Flop
101 Dalmatians (1996),2.908256880733945,109,Overhyped
12 Angry Men (1957),4.344,125,Blockbuster
187 (1997),3.024390243902439,41,Flop
2 Days in the Valley (1996),3.225806451612903,93,Flop
"20,000 Leagues Under the Sea (1954)",3.5,72,Flop
2001: A Space Odyssey (1968),3.969111969111969,259,Overhyped
3 Ninjas: High Noon At Mega Mountain (1998),1.0,5,Flop
"39 Steps, The (1935)",4.0508474576271185,59,Hidden Gem
8 1/2 (1963),3.8157894736842106,38,Flop
8 Heads in a Duffel Bag (1997),3.25,4,Flop
8 Seconds (1994),3.75,4,Flop
A Chef in Love (1996),4.125,8,Hidden Gem
Above the Rim (1994),3.0,5,Flop
Absolute Power (1997),3.37007874015748,127,Overhyped
"Abyss, The (1989)",3.589403973509934,151,Overhyped
Ace Ventura: Pet Detective (1994),3.0485436893203883,103,Overhyped
Ace Ventura: When Nature Calls (1995),2.675675675675676,37,Flop
Across the Sea of Time (1995),2.75,4,Flop
Addams Family Values (1993),2.8160919540229883,87,Flop
Addicted to Love (1997),3.1666666666666665,54,Flop
"Addiction, The (1995)",2.1818181818181817,11,Flop
"Adventures of Pinocchio, The (1996)",3.051282051282051,39,Flop
"Adventures of Priscilla, Queen of the Desert, The (1994)",3.5945945945945947,111,Overhyped
"Adventures of Robin Hood, The (1938)",3.791044776119403,67,Flop
"Affair to Remember, An (1957)",4.1923076923076925,26,Hidden Gem
"African Queen, The (1951)",4.184210526315789,152,Blockbuster
Afterglow (1997),3.111111111111111,18,Flop
"Age of Innocence, The (1993)",3.3846153846153846,65,Flop
Aiqing wansui (1994),5.0,1,Hidden Gem
Air Bud (1997),2.558139534883721,43,Flop
Air Force One (1997),3.6310904872389793,431,Overhyped
"Air Up There, The (1994)",2.8125,16,Flop
Airheads (1994),2.34375,32,Flop
Akira (1988),3.38,50,Flop
Aladdin (1992),3.8127853881278537,219,Overhyped
Aladdin and the King of Thieves (1996),2.8461538461538463,26,Flop
Alaska (1996),2.6923076923076925,13,Flop
Albino Alligator (1996),2.5,6,Flop
Alice in Wonderland (1951),3.6666666666666665,81,Flop
Alien (1979),4.034364261168385,291,Blockbuster
Alien 3 (1992),2.83,100,Overhyped
Alien: Resurrection (1997),3.096774193548387,124,Overhyped
Aliens (1986),3.9471830985915495,284,Overhyped
All About Eve (1950),4.045454545454546,66,Hidden Gem
All Dogs Go to Heaven 2 (1996),1.8666666666666667,15,Flop
All Over Me (1997),3.0,3,Flop
All Things Fair (1996),3.0,1,Flop
Alphaville (1965),3.3333333333333335,12,Flop
Amadeus (1984),4.163043478260869,276,Blockbuster
Amateur (1994),3.1666666666666665,18,Flop
"Amazing Panda Adventure, The (1995)",2.8,10,Flop
American Buffalo (1996),2.6363636363636362,11,Flop
American Dream (1990),2.5,2,Flop
"American President, The (1995)",3.6280487804878048,164,Overhyped
American Strays (1996),2.0,2,Flop
"American Werewolf in London, An (1981)",3.5353535353535355,99,Flop
"American in Paris, An (1951)",3.7,50,Flop
Amistad (1997),3.8548387096774195,124,Overhyped
Amityville 1992: It's About Time (1992),1.0,5,Flop
Amityville 3-D (1983),1.1666666666666667,6,Flop
"Amityville Curse, The (1990)",1.25,4,Flop
"Amityville Horror, The (1979)",2.5660377358490565,53,Flop
Amityville II: The Possession (1982),1.6428571428571428,14,Flop
Amityville: A New Generation (1993),1.0,5,Flop
Amityville: Dollhouse (1996),1.0,3,Flop
Amos & Andrew (1993),2.6842105263157894,19,Flop
An Unforgettable Summer (1994),2.5,4,Flop
Anaconda (1997),2.289473684210526,38,Flop
Anastasia (1997),3.4242424242424243,66,Flop
Andre (1994),3.111111111111111,18,Flop
Angel Baby (1995),3.75,4,Flop
Angel and the Badman (1947),3.0,6,Flop
Angel on My Shoulder (1946),2.0,1,Flop
Angela (1995),3.0,1,Flop
Angels and Insects (1995),3.4166666666666665,72,Flop
Angels in the Outfield (1994),2.923076923076923,39,Flop
Angus (1995),2.642857142857143,14,Flop
Anna (1996),4.5,2,Hidden Gem
Anna Karenina (1997),3.090909090909091,33,Flop
Anne Frank Remembered (1995),3.857142857142857,21,Flop
Annie Hall (1977),3.911111111111111,180,Overhyped
Another Stakeout (1993),2.5,28,Flop
Antonia's Line (1995),3.9565217391304346,69,Flop
Aparajito (1956),3.5714285714285716,7,Flop
"Apartment, The (1960)",3.9365079365079363,63,Flop
Apocalypse Now (1979),4.04524886877828,221,Blockbuster
Apollo 13 (1995),3.931159420289855,276,Overhyped
"Apostle, The (1997)",3.6545454545454548,55,Flop
"Apple Dumpling Gang, The (1975)",2.84,25,Flop
April Fool's Day (1986),2.6666666666666665,15,Flop
Apt Pupil (1998),4.1,160,Blockbuster
"Aristocats, The (1970)",3.1296296296296298,54,Flop
Army of Darkness (1993),3.4310344827586206,116,Overhyped
Around the World in 80 Days (1956),3.6610169491525424,59,Flop
"Arrival, The (1996)",3.036144578313253,83,Flop
Arsenic and Old Lace (1944),4.078260869565217,115,Blockbuster
As Good As It Gets (1997),4.196428571428571,112,Blockbuster
Assassins (1995),2.871794871794872,39,Flop
"Assignment, The (1997)",3.5,18,Flop
"Associate, The (1996)",3.2439024390243905,41,Flop
Audrey Rose (1977),2.1666666666666665,12,Flop
August (1996),1.0,1,Flop
Austin Powers: International Man of Mystery (1997),3.246153846153846,130,Overhyped
"Awfully Big Adventure, An (1995)",2.375,8,Flop
Ayn Rand: A Sense of Life (1997),3.142857142857143,7,Flop
B*A*P*S (1997),1.6666666666666667,3,Flop
B. Monkey (1998),3.0,1,Flop
Babe (1995),3.9954337899543377,219,Overhyped
"Baby-Sitters Club, The (1995)",2.5,10,Flop
Babyfever (1994),1.0,2,Flop
"Babysitter, The (1995)",2.3333333333333335,3,Flop
Back to the Future (1985),3.834285714285714,350,Overhyped
Backbeat (1993),3.473684210526316,19,Flop
Bad Boys (1995),3.1052631578947367,57,Flop
Bad Company (1995),2.2222222222222223,9,Flop
Bad Girls (1994),1.8333333333333333,6,Flop
Bad Moon (1996),2.6666666666666665,6,Flop
Bad Taste (1987),3.375,16,Flop
"Ballad of Narayama, The (Narayama Bushiko) (1958)",2.75,4,Flop
Balto (1995),3.0,16,Flop
Bananas (1971),3.7017543859649122,57,Flop
"Band Wagon, The (1953)",3.6666666666666665,9,Flop
Barb Wire (1996),1.9333333333333333,30,Flop
Barbarella (1968),2.5714285714285716,28,Flop
Barcelona (1994),3.018867924528302,53,Flop
Basic Instinct (1992),3.227722772277228,101,Overhyped
"Basketball Diaries, The (1995)",3.425,40,Flop
Basquiat (1996),3.25,44,Flop
Bastard Out of Carolina (1996),2.875,16,Flop
Batman & Robin (1997),2.4516129032258065,62,Flop
Batman (1989),3.427860696517413,201,Overhyped
Batman Forever (1995),2.6666666666666665,114,Overhyped
Batman Returns (1992),2.683098591549296,142,Overhyped
Baton Rouge (1988),1.0,1,Flop
Bean (1997),2.659340659340659,91,Flop
"Beans of Egypt, Maine, The (1994)",3.5,2,Flop
Beat the Devil (1954),3.7142857142857144,7,Flop
"Beautician and the Beast, The (1997)",2.313953488372093,86,Flop
Beautiful Girls (1996),3.391304347826087,115,Overhyped
Beautiful Thing (1996),3.9655172413793105,29,Flop
Beauty and the Beast (1991),3.792079207920792,202,Overhyped
Beavis and Butt-head Do America (1996),2.7884615384615383,156,Overhyped
Bed of Roses (1996),3.2333333333333334,60,Flop
Bedknobs and Broomsticks (1971),3.0701754385964914,57,Flop
Before Sunrise (1995),3.4081632653061225,49,Flop
Before and After (1996),2.8461538461538463,26,Flop
Before the Rain (Pred dozhdot) (1994),3.8,10,Flop
Being Human (1993),1.75,4,Flop
Being There (1979),3.9051724137931036,116,Overhyped
"Believers, The (1987)",2.25,16,Flop
Belle de jour (1967),3.945945945945946,37,Flop
Ben-Hur (1959),3.8306451612903225,124,Overhyped
Benny & Joon (1993),3.4607843137254903,102,Overhyped
Bent (1997),2.6666666666666665,6,Flop
Best Men (1997),3.4,5,Flop
Best of the Best 3: No Turning Back (1995),1.5,6,Flop
Better Off Dead... (1985),3.569620253164557,79,Flop
"Beverly Hillbillies, The (1993)",2.25,20,Flop
Beverly Hills Cop III (1994),2.392857142857143,28,Flop
Beverly Hills Ninja (1997),2.3125,48,Flop
"Bewegte Mann, Der (1994)",3.6666666666666665,3,Flop
Beyond Bedlam (1993),1.0,2,Flop
Beyond Rangoon (1995),3.0555555555555554,18,Flop
Bhaji on the Beach (1993),2.875,8,Flop
"Big Bang Theory, The (1994)",4.0,1,Hidden Gem
"Big Blue, The (Grand bleu, Le) (1988)",3.235294117647059,17,Flop
Big Bully (1996),1.8571428571428572,14,Flop
"Big Green, The (1995)",2.5,14,Flop
"Big Lebowski, The (1998)",3.8333333333333335,42,Flop
Big Night (1996),3.9005847953216373,171,Overhyped
"Big One, The (1997)",3.0,1,Flop
"Big Sleep, The (1946)",4.027397260273973,73,Hidden Gem
"Big Squeeze, The (1996)",2.25,4,Flop
Billy Madison (1995),3.081081081081081,37,Flop
Bio-Dome (1996),1.903225806451613,31,Flop
Bird of Prey (1996),1.0,1,Flop
"Birdcage, The (1996)",3.4436860068259385,293,Overhyped
"Birds, The (1963)",3.808641975308642,162,Overhyped
Bitter Moon (1992),3.3,10,Flop
Bitter Sugar (Azucar Amargo) (1996),4.333333333333333,3,Hidden Gem
Black Beauty (1994),3.4444444444444446,27,Flop
Black Sheep (1996),2.6363636363636362,55,Flop
Blade Runner (1982),4.138181818181818,275,Blockbuster
Blink (1994),3.0,19,Flop
Bliss (1997),2.5714285714285716,7,Flop
"Blob, The (1958)",2.717391304347826,46,Flop
Blood & Wine (1997),2.8636363636363638,22,Flop
Blood Beach (1981),2.1666666666666665,6,Flop
Blood For Dracula (Andy Warhol's Dracula) (1974),2.4,5,Flop
Bloodsport 2 (1995),1.7,10,Flop
"Bloody Child, The (1996)",1.0,1,Flop
Blown Away (1994),2.7586206896551726,29,Flop
"Blue Angel, The (Blaue Engel, Der) (1930)",3.7777777777777777,18,Flop
Blue Chips (1994),2.6666666666666665,9,Flop
Blue Sky (1994),3.4166666666666665,12,Flop
Blue in the Face (1995),3.1777777777777776,45,Flop
Blues Brothers 2000 (1998),2.8214285714285716,28,Flop
"Blues Brothers, The (1980)",3.8366533864541834,251,Overhyped
Bob Roberts (1992),3.7411764705882353,85,Flop
Body Parts (1991),1.6153846153846154,13,Flop
"Body Snatcher, The (1945)",3.5,22,Flop
Body Snatchers (1993),2.971014492753623,69,Flop
Bogus (1996),2.5454545454545454,22,Flop
"Bonheur, Le (1965)",2.0,4,Flop
Bonnie and Clyde (1967),3.819672131147541,122,Overhyped
Boogie Nights (1997),3.5873015873015874,189,Overhyped
Boomerang (1992),2.8125,32,Flop
"Boot, Das (1981)",4.203980099502488,201,Blockbuster
Booty Call (1997),2.1666666666666665,48,Flop
Bottle Rocket (1996),3.4545454545454546,44,Flop
Bound (1996),3.8217054263565893,129,Overhyped
Boxing Helena (1993),2.2,15,Flop
Boy's Life 2 (1997),3.3333333333333335,6,Flop
Boys (1996),3.3333333333333335,6,Flop
Boys Life (1995),3.2,5,Flop
Boys in Venice (1996),1.0,2,Flop
"Boys of St. Vincent, The (1993)",3.3846153846153846,13,Flop
Boys on the Side (1995),3.1470588235294117,34,Flop
"Boys, Les (1997)",3.3333333333333335,3,Flop
"Brady Bunch Movie, The (1995)",2.8026315789473686,76,Flop
Braindead (1992),3.857142857142857,14,Flop
Bram Stoker's Dracula (1992),3.158333333333333,120,Overhyped
Brassed Off (1996),3.9375,32,Flop
Braveheart (1995),4.151515151515151,297,Blockbuster
Brazil (1985),3.8173076923076925,208,Overhyped
Bread and Chocolate (Pane e cioccolata) (1973),3.1666666666666665,12,Flop
Breakdown (1997),3.4025974025974026,77,Flop
Breakfast at Tiffany's (1961),3.7263157894736842,95,Flop
Breaking the Waves (1996),3.72972972972973,74,Flop
Bride of Frankenstein (1935),3.608695652173913,46,Flop
"Bridge on the River Kwai, The (1957)",4.175757575757576,165,Blockbuster
"Bridges of Madison County, The (1995)",3.1641791044776117,67,Flop
Bringing Up Baby (1938),3.838235294117647,68,Flop
Broken Arrow (1996),3.031496062992126,254,Overhyped
Broken English (1996),2.25,8,Flop
"Bronx Tale, A (1993)",3.7916666666666665,48,Flop
Brother Minister: The Assassination of Malcolm X (1994),3.0,5,Flop
"Brother's Kiss, A (1997)",2.0,1,Flop
"Brothers McMullen, The (1995)",3.452054794520548,73,Flop
Brothers in Trouble (1995),4.0,1,Hidden Gem
"Browning Version, The (1994)",3.0,10,Flop
Buddy (1997),2.25,4,Flop
Bulletproof (1996),3.204081632653061,49,Flop
Bullets Over Broadway (1994),3.7209302325581395,86,Flop
Burnt By the Sun (1994),3.7083333333333335,24,Flop
Burnt Offerings (1976),2.4444444444444446,9,Flop
Bushwhacked (1995),1.5714285714285714,7,Flop
Butch Cassidy and the Sundance Kid (1969),3.949074074074074,216,Overhyped
"Butcher Boy, The (1998)",4.0,2,Hidden Gem
Butterfly Kiss (1995),1.0,1,Flop
"Bye Bye, Love (1995)",3.1333333333333333,15,Flop
C'est arrivé près de chez vous (1992),3.0,4,Flop
Cabin Boy (1994),2.5625,16,Flop
"Cable Guy, The (1996)",2.339622641509434,106,Overhyped
Calendar Girl (1993),2.0,3,Flop
Canadian Bacon (1994),2.413793103448276,29,Flop
"Candidate, The (1972)",3.641025641025641,39,Flop
Candyman (1992),2.723076923076923,65,Flop
Candyman: Farewell to the Flesh (1995),2.4285714285714284,21,Flop
Cape Fear (1962),3.5232558139534884,86,Flop
Cape Fear (1991),3.456140350877193,171,Overhyped
Captives (1994),2.3333333333333335,3,Flop
Career Girls (1997),3.2564102564102564,39,Flop
Careful (1992),1.0,1,Flop
Carlito's Way (1993),3.4074074074074074,54,Flop
Carmen Miranda: Bananas Is My Business (1994),1.5,2,Flop
Caro Diario (Dear Diary) (1994),2.75,4,Flop
Carpool (1996),2.8,5,Flop
Carrie (1976),3.5041322314049586,121,Overhyped
Carried Away (1996),3.0,11,Flop
Carrington (1995),3.230769230769231,13,Flop
Casablanca (1942),4.45679012345679,243,Blockbuster
Casino (1995),3.6483516483516483,91,Flop
Casper (1995),3.076923076923077,52,Flop
Castle Freak (1995),1.25,4,Flop
Cat People (1982),2.8958333333333335,48,Flop
Cat on a Hot Tin Roof (1958),3.9516129032258065,62,Flop
Cats Don't Dance (1997),2.84375,32,Flop
Catwalk (1995),1.3333333333333333,3,Flop
Caught (1996),3.25,8,Flop
Celestial Clockwork (1994),4.0,2,Hidden Gem
"Celluloid Closet, The (1995)",3.892857142857143,56,Flop
Celtic Pride (1996),2.2,15,Flop
"Cement Garden, The (1993)",3.6,10,Flop
Cemetery Man (Dellamorte Dellamore) (1994),2.869565217391304,23,Flop
Century (1993),3.0,1,Flop
Chain Reaction (1996),2.7,80,Flop
Chairman of the Board (1998),2.2222222222222223,9,Flop
"Chamber, The (1996)",3.0930232558139537,43,Flop
Charade (1963),3.925,40,Flop
Chasers (1994),2.2,5,Flop
Chasing Amy (1997),3.8390501319261214,379,Overhyped
Children of the Corn: The Gathering (1996),1.3157894736842106,19,Flop
Children of the Revolution (1996),3.2,5,Flop
Chinatown (1974),4.136054421768708,147,Blockbuster
"Christmas Carol, A (1938)",4.057971014492754,69,Hidden Gem
Chungking Express (1994),3.5714285714285716,28,Flop
"Ciao, Professore! (1993)",2.75,4,Flop
Cinderella (1950),3.5813953488372094,129,Overhyped
Cinema Paradiso (1988),4.1735537190082646,121,Blockbuster
Circle of Friends (1995),3.486842105263158,76,Flop
Citizen Kane (1941),4.292929292929293,198,Blockbuster
Citizen Ruth (1996),3.6222222222222222,45,Flop
City Hall (1996),3.1392405063291138,79,Flop
City Slickers II: The Legend of Curly's Gold (1994),2.5454545454545454,44,Flop
City of Angels (1998),3.0,8,Flop
City of Industry (1997),2.5,6,Flop
"City of Lost Children, The (1995)",3.7916666666666665,96,Flop
Clean Slate (1994),2.8,10,Flop
Clean Slate (Coup de Torchon) (1981),2.75,4,Flop
Clear and Present Danger (1994),3.569832402234637,179,Overhyped
Clerks (1994),3.804054054054054,148,Overhyped
"Client, The (1994)",3.381443298969072,97,Flop
Cliffhanger (1993),3.021505376344086,93,Flop
Clockers (1995),3.0,33,Flop
"Clockwork Orange, A (1971)",3.909502262443439,221,Overhyped
"Close Shave, A (1995)",4.491071428571429,112,Blockbuster
Clueless (1995),3.458823529411765,170,Overhyped
Cobb (1994),2.8,15,Flop
Cold Comfort Farm (1995),3.824,125,Overhyped
Coldblooded (1995),2.0,1,Flop
"Collectionneuse, La (1967)",2.0,2,Flop
"Colonel Chabert, Le (1994)",3.5,4,Flop
Color of Night (1994),2.7333333333333334,15,Flop
Commandments (1997),2.6666666666666665,3,Flop
Con Air (1997),3.45985401459854,137,Overhyped
Conan the Barbarian (1981),3.046728971962617,107,Overhyped
Condition Red (1995),2.0,2,Flop
Coneheads (1993),2.2195121951219514,41,Flop
Congo (1995),2.4523809523809526,42,Flop
Conspiracy Theory (1997),3.4237288135593222,295,Overhyped
Contact (1997),3.8035363457760316,509,Overhyped
"Contempt (Mépris, Le) (1963)",3.0,9,Flop
"Convent, The (Convento, O) (1995)",2.5,2,Flop
"Cook the Thief His Wife & Her Lover, The (1989)",3.024390243902439,82,Flop
Cool Hand Luke (1967),3.9939024390243905,164,Overhyped
Cool Runnings (1993),3.161764705882353,68,Flop
Cop Land (1997),3.3771428571428572,175,Overhyped
Cops and Robbersons (1994),2.3076923076923075,13,Flop
Copycat (1995),3.302325581395349,86,Flop
"Corrina, Corrina (1994)",3.1538461538461537,39,Flop
Cosi (1996),4.0,4,Hidden Gem
Country Life (1994),1.5,2,Flop
Courage Under Fire (1996),3.6108597285067874,221,Overhyped
"Cowboy Way, The (1994)",2.210526315789474,19,Flop
"Craft, The (1996)",3.1153846153846154,104,Overhyped
Crash (1996),2.546875,128,Overhyped
Crimson Tide (1995),3.6298701298701297,154,Overhyped
Critical Care (1997),3.090909090909091,11,Flop
Cronos (1992),3.2,10,Flop
Crooklyn (1994),3.5,10,Flop
Crossfire (1947),4.25,4,Hidden Gem
"Crossing Guard, The (1995)",3.0,28,Flop
"Crow, The (1994)",3.417910447761194,134,Overhyped
"Crow: City of Angels, The (1996)",1.9487179487179487,39,Flop
Crows and Sparrows (1949),1.5,2,Flop
"Crucible, The (1996)",3.3376623376623376,77,Flop
"Crude Oasis, The (1995)",1.0,1,Flop
Crumb (1994),3.7901234567901234,81,Flop
"Cry, the Beloved Country (1995)",3.75,24,Flop
"Crying Game, The (1992)",3.6218487394957983,119,Overhyped
Curdled (1996),2.75,8,Flop
"Cure, The (1995)",3.3333333333333335,6,Flop
Cutthroat Island (1995),2.4444444444444446,18,Flop
Cyclo (1995),3.0,1,Flop
Cyrano de Bergerac (1990),3.8181818181818183,66,Flop
"Cérémonie, La (1995)",4.0,3,Hidden Gem
D3: The Mighty Ducks (1996),2.5789473684210527,19,Flop
Dadetown (1995),3.0,1,Flop
Daens (1992),1.0,1,Flop
"Damsel in Distress, A (1937)",4.0,1,Hidden Gem
Dances with Wolves (1990),3.79296875,256,Overhyped
Dangerous Beauty (1998),3.769230769230769,13,Flop
Dangerous Ground (1997),1.75,8,Flop
Dangerous Minds (1995),3.3404255319148937,47,Flop
Daniel Defoe's Robinson Crusoe (1996),3.0,2,Flop
Dante's Peak (1997),2.933333333333333,240,Overhyped
Dark City (1998),3.5,16,Flop
Dave (1993),3.65,180,Overhyped
"Davy Crockett, King of the Wild Frontier (1955)",2.909090909090909,11,Flop
"Day the Earth Stood Still, The (1951)",3.9381443298969074,97,Flop
"Day the Sun Turned Cold, The (Tianguo niezi) (1994)",2.0,2,Flop
Daylight (1996),2.7719298245614037,57,Flop
Days of Thunder (1990),2.7169811320754715,53,Flop
"Daytrippers, The (1996)",3.6666666666666665,15,Flop
Dazed and Confused (1993),3.46875,64,Flop
Dead Man (1995),3.823529411764706,34,Flop
Dead Man Walking (1995),3.8963210702341136,299,Overhyped
Dead Poets Society (1989),3.9163346613545817,251,Overhyped
Dead Presidents (1995),2.7222222222222223,18,Flop
Dear God (1996),2.5,12,Flop
Death and the Maiden (1994),3.4285714285714284,28,Flop
Death in Brunswick (1991),4.0,1,Hidden Gem
"Death in the Garden (Mort en ce jardin, La) (1956)",1.0,1,Flop
Deceiver (1997),2.8275862068965516,29,Flop
Deconstructing Harry (1997),3.4,65,Flop
Deep Rising (1998),2.4285714285714284,14,Flop
"Deer Hunter, The (1978)",3.8333333333333335,120,Overhyped
Delicatessen (1991),3.876923076923077,65,Flop
Delta of Venus (1994),3.0,2,Flop
Demolition Man (1993),3.152173913043478,92,Flop
Denise Calls Up (1995),3.0,7,Flop
Desert Winds (1995),4.0,1,Hidden Gem
"Designated Mourner, The (1997)",1.8571428571428572,7,Flop
Desperado (1995),3.4536082474226806,97,Flop
Desperate Measures (1998),3.3194444444444446,72,Flop
Destiny Turns on the Radio (1995),3.0,2,Flop
Devil in a Blue Dress (1995),3.3859649122807016,57,Flop
"Devil's Advocate, The (1997)",3.515957446808511,188,Overhyped
"Devil's Own, The (1997)",3.1083333333333334,240,Overhyped
Diabolique (1996),2.887323943661972,71,Flop
Dial M for Murder (1954),4.0,68,Hidden Gem
Die Hard (1988),3.8724279835390947,243,Overhyped
Die Hard 2 (1990),3.355421686746988,166,Overhyped
Die Hard: With a Vengeance (1995),3.2847682119205297,151,Overhyped
"Die xue shuang xiong (Killer, The) (1989)",3.967741935483871,31,Flop
Dingo (1992),2.4,5,Flop
Dirty Dancing (1987),3.1020408163265305,98,Flop
Disclosure (1994),3.0,40,Flop
Diva (1981),3.727272727272727,66,Flop
Dolores Claiborne (1994),3.3417721518987342,79,Flop
Don Juan DeMarco (1995),3.5526315789473686,76,Flop
Don't Be a Menace to South Central While Drinking Your Juice in the Hood (1996),2.7714285714285714,35,Flop
Donnie Brasco (1997),3.802721088435374,147,Overhyped
"Doom Generation, The (1995)",2.7142857142857144,7,Flop
"Doors, The (1991)",2.9782608695652173,46,Flop
Double Happiness (1994),3.4285714285714284,7,Flop
Double Team (1997),2.230769230769231,13,Flop
"Double vie de Véronique, La (Double Life of Veronique, The) (1991)",3.6818181818181817,22,Flop
Down Periscope (1996),2.702970297029703,101,Overhyped
Down by Law (1986),3.7714285714285714,35,Flop
Dr. Strangelove or: How I Learned to Stop Worrying and Love the Bomb (1963),4.252577319587629,194,Blockbuster
Dracula: Dead and Loving It (1995),2.28,25,Flop
Dragonheart (1996),3.0822784810126582,158,Overhyped
Dream Man (1995),1.5,2,Flop
Dream With the Fishes (1997),3.142857142857143,7,Flop
Drop Dead Fred (1991),2.75,24,Flop
Drop Zone (1994),2.5483870967741935,31,Flop
Drunks (1995),2.8,5,Flop
Duck Soup (1933),4.0,93,Hidden Gem
Dumb & Dumber (1994),3.0,69,Flop
Dumbo (1941),3.4959349593495936,123,Overhyped
Dunston Checks In (1996),1.8571428571428572,7,Flop
Duoluo tianshi (1995),3.1666666666666665,6,Flop
E.T. the Extra-Terrestrial (1982),3.8333333333333335,300,Overhyped
East of Eden (1955),3.864406779661017,59,Flop
Eat Drink Man Woman (1994),4.05,80,Hidden Gem
Ed (1996),1.3333333333333333,6,Flop
Ed Wood (1994),3.601503759398496,133,Overhyped
Ed's Next Move (1996),2.6666666666666665,3,Flop
Eddie (1996),2.7,40,Flop
"Edge, The (1997)",3.5398230088495577,113,Overhyped
"Eighth Day, The (1996)",3.0,1,Flop
Emma (1996),3.7175141242937855,177,Overhyped
"Empire Strikes Back, The (1980)",4.204359673024523,367,Blockbuster
Enchanted April (1991),3.9285714285714284,70,Flop
"Endless Summer 2, The (1994)",2.5,10,Flop
"Enfer, L' (1994)",3.0,4,Flop
"English Patient, The (1996)",3.656964656964657,481,Overhyped
"Englishman Who Went Up a Hill, But Came Down a Mountain, The (1995)",3.375,32,Flop
Entertaining Angels: The Dorothy Day Story (1996),5.0,1,Hidden Gem
Eraser (1996),3.150485436893204,206,Overhyped
Escape from L.A. (1996),2.4615384615384617,91,Flop
Escape from New York (1981),3.241758241758242,91,Flop
Escape to Witch Mountain (1975),2.966666666666667,30,Flop
Etz Hadomim Tafus (Under the Domin Tree) (1994),2.0,1,Flop
Eve's Bayou (1997),3.609375,64,Flop
Even Cowgirls Get the Blues (1993),2.0,5,Flop
"Evening Star, The (1996)",2.9310344827586206,29,Flop
Event Horizon (1997),2.574803149606299,127,Overhyped
Everest (1998),4.5,2,Hidden Gem
Every Other Weekend (1990),1.0,1,Flop
Everyone Says I Love You (1996),3.2738095238095237,168,Overhyped
Evil Dead II (1987),3.5168539325842696,89,Flop
Evita (1996),2.9806949806949805,259,Overhyped
Excess Baggage (1997),2.5384615384615383,52,Flop
Executive Decision (1996),3.356687898089172,157,Overhyped
Exit to Eden (1994),2.75,16,Flop
Exotica (1994),3.5555555555555554,27,Flop
Extreme Measures (1996),3.171875,64,Flop
Eye for an Eye (1996),3.03125,32,Flop
"Eye of Vichy, The (Oeil de Vichy, L') (1993)",1.0,1,Flop
Face/Off (1997),3.768041237113402,194,Overhyped
Faces (1968),3.0,4,Flop
Fair Game (1995),2.1818181818181817,11,Flop
FairyTale: A True Story (1997),2.966666666666667,30,Flop
Faithful (1996),3.3,10,Flop
Fall (1997),2.0,3,Flop
Fallen (1998),3.1463414634146343,41,Flop
Falling in Love Again (1980),1.0,2,Flop
"Family Thing, A (1996)",3.5555555555555554,45,Flop
"Fan, The (1996)",3.09375,64,Flop
Fantasia (1940),3.7701149425287355,174,Overhyped
Far From Home: The Adventures of Yellow Dog (1995),3.2857142857142856,7,Flop
Farewell My Concubine (1993),3.9782608695652173,46,Flop
"Farewell to Arms, A (1932)",3.8333333333333335,12,Flop
Fargo (1996),4.155511811023622,508,Blockbuster
Farinelli: il castrato (1994),3.1176470588235294,17,Flop
Farmer & Chase (1995),4.0,1,Hidden Gem
"Fast, Cheap & Out of Control (1997)",3.4375,32,Flop
Faster Pussycat! Kill! Kill! (1965),3.0,7,Flop
Fatal Instinct (1993),2.6315789473684212,19,Flop
Father of the Bride (1950),3.5833333333333335,60,Flop
Father of the Bride Part II (1995),2.8984375,128,Overhyped
Fathers' Day (1997),2.5806451612903225,31,Flop
Faust (1994),4.2,5,Hidden Gem
Fausto (1993),3.0,3,Flop
"Favor, The (1994)",2.0,1,Flop
Fear (1996),3.159090909090909,44,Flop
Fear of a Black Hat (1993),3.2,10,Flop
"Fear, The (1995)",3.0,1,Flop
Fearless (1993),3.24,25,Flop
Feast of July (1995),2.4,5,Flop
Feeling Minnesota (1996),2.625,32,Flop
Female Perversions (1996),2.625,8,Flop
Field of Dreams (1989),3.69811320754717,212,Overhyped
Fierce Creatures (1997),3.1145833333333335,96,Flop
"Fifth Element, The (1997)",3.4771573604060912,197,Overhyped
"Fille seule, La (A Single Girl) (1995)",4.0,4,Hidden Gem
Fire Down Below (1997),2.9318181818181817,44,Flop
Fire on the Mountain (1996),3.0,1,Flop
Firestorm (1998),2.8333333333333335,18,Flop
"Firm, The (1993)",3.2781456953642385,151,Overhyped
First Kid (1996),2.925,40,Flop
First Knight (1995),3.0232558139534884,86,Flop
"First Wives Club, The (1996)",3.01875,160,Overhyped
"Fish Called Wanda, A (1988)",3.785425101214575,247,Overhyped
Fled (1996),2.6470588235294117,34,Flop
Flesh and Bone (1993),2.8333333333333335,6,Flop
"Flintstones, The (1994)",2.064516129032258,31,Flop
Flipper (1996),2.45,20,Flop
Flirt (1995),3.6,5,Flop
Flirting With Disaster (1996),3.6904761904761907,42,Flop
"Flower of My Secret, The (Flor de mi secreto, La) (1995)",3.1666666666666665,6,Flop
Flubber (1997),2.7547169811320753,53,Flop
Fluke (1995),2.4285714285714284,14,Flop
Fly Away Home (1996),3.6,180,Overhyped
"Fog, The (1980)",2.739130434782609,23,Flop
Fools Rush In (1997),3.0,24,Flop
For Ever Mozart (1996),2.0,3,Flop
For Love or Money (1993),2.8333333333333335,12,Flop
For Richer or Poorer (1997),2.4285714285714284,14,Flop
For Whom the Bell Tolls (1943),4.0,20,Hidden Gem
For the Moment (1994),2.6666666666666665,3,Flop
"Forbidden Christ, The (Cristo proibito, Il) (1950)",2.75,4,Flop
Forbidden Planet (1956),3.8358208955223883,67,Flop
Foreign Correspondent (1940),3.8666666666666667,15,Flop
Foreign Student (1994),2.0,2,Flop
Forget Paris (1995),3.193548387096774,62,Flop
Forrest Gump (1994),3.853582554517134,321,Overhyped
Four Days in September (1997),3.75,12,Flop
Four Rooms (1995),3.033333333333333,90,Flop
Four Weddings and a Funeral (1994),3.6613545816733066,251,Overhyped
"Fox and the Hound, The (1981)",3.1475409836065573,61,Flop
Foxfire (1996),2.933333333333333,15,Flop
Frankie Starlight (1995),2.5,4,Flop
Free Willy (1993),2.4545454545454546,33,Flop
Free Willy 2: The Adventure Home (1995),2.1818181818181817,11,Flop
Free Willy 3: The Rescue (1997),1.7407407407407407,27,Flop
Freeway (1996),3.357142857142857,42,Flop
French Kiss (1995),3.3333333333333335,84,Flop
French Twist (Gazon maudit) (1995),3.2051282051282053,39,Flop
Fresh (1994),4.1,10,Hidden Gem
Friday (1995),3.4615384615384617,26,Flop
Fried Green Tomatoes (1991),3.764705882352941,153,Overhyped
"Frighteners, The (1996)",3.234782608695652,115,Overhyped
Frisk (1995),2.6666666666666665,3,Flop
From Dusk Till Dawn (1996),3.119565217391304,92,Flop
"Fugitive, The (1993)",4.044642857142857,336,Blockbuster
Full Metal Jacket (1987),3.6823529411764704,170,Overhyped
"Full Monty, The (1997)",3.926984126984127,315,Overhyped
Full Speed (1996),3.125,8,Flop
"Funeral, The (1996)",2.4285714285714284,21,Flop
Funny Face (1957),3.6666666666666665,21,Flop
"Further Gesture, A (1996)",1.0,1,Flop
G.I. Jane (1997),3.36,175,Overhyped
Gabbeh (1996),3.3333333333333335,6,Flop
"Game, The (1997)",3.593625498007968,251,Overhyped
Gandhi (1982),4.02051282051282,195,Blockbuster
Gang Related (1997),2.6875,16,Flop
"Garden of Finzi-Contini, The (Giardino dei Finzi-Contini, Il) (1970)",3.9166666666666665,24,Flop
Gaslight (1944),3.8857142857142857,35,Flop
"Gate of Heavenly Peace, The (1995)",4.0,1,Hidden Gem
Gattaca (1997),3.5955882352941178,136,Overhyped
"Gay Divorcee, The (1934)",3.8666666666666667,15,Flop
George of the Jungle (1997),2.685185185185185,162,Overhyped
Georgia (1995),2.9,30,Flop
Germinal (1993),3.0,4,Flop
Geronimo: An American Legend (1993),3.111111111111111,9,Flop
Get Shorty (1995),3.550239234449761,209,Overhyped
Get on the Bus (1996),3.3157894736842106,38,Flop
"Getaway, The (1994)",2.3333333333333335,18,Flop
Getting Away With Murder (1996),1.0,1,Flop
Getting Even with Dad (1994),1.6,5,Flop
Ghost (1990),3.4647058823529413,170,Overhyped
"Ghost and Mrs. Muir, The (1947)",3.6511627906976742,43,Flop
"Ghost and the Darkness, The (1996)",3.203125,128,Overhyped
Ghost in the Shell (Kokaku kidotai) (1995),3.6538461538461537,26,Flop
Ghosts of Mississippi (1996),3.4827586206896552,29,Flop
Giant (1956),3.7450980392156863,51,Flop
Gigi (1958),3.658536585365854,41,Flop
Gilligan's Island: The Movie (1998),1.3333333333333333,3,Flop
Girl 6 (1996),2.76,25,Flop
Girl in the Cadillac (1995),1.0,1,Flop
Girls Town (1996),3.0,1,Flop
"Glass Shield, The (1994)",2.0,2,Flop
Glengarry Glen Ross (1992),3.463768115942029,69,Flop
"Glimmer Man, The (1996)",2.75,48,Flop
Glory (1989),4.076023391812866,171,Blockbuster
Go Fish (1994),3.2,15,Flop
"Godfather, The (1972)",4.283292978208232,413,Blockbuster
"Godfather: Part II, The (1974)",4.186602870813397,209,Blockbuster
Gold Diggers: The Secret of Bear Mountain (1995),3.1,10,Flop
Golden Earrings (1947),4.0,2,Hidden Gem
GoldenEye (1995),3.2061068702290076,131,Overhyped
Gone Fishin' (1997),1.8181818181818181,11,Flop
Gone with the Wind (1939),3.871345029239766,171,Overhyped
"Good Man in Africa, A (1994)",3.0,2,Flop
Good Morning (1971),1.0,1,Flop
Good Will Hunting (1997),4.262626262626263,198,Blockbuster
"Good, The Bad and The Ugly, The (1966)",3.8613138686131387,137,Overhyped
GoodFellas (1990),3.9513274336283186,226,Overhyped
"Goofy Movie, A (1995)",2.9,20,Flop
Gordy (1995),1.0,3,Flop
Grace of My Heart (1996),3.25,8,Flop
"Graduate, The (1967)",4.104602510460251,239,Blockbuster
"Grand Day Out, A (1992)",4.106060606060606,66,Hidden Gem
"Grass Harp, The (1995)",3.2222222222222223,9,Flop
Grateful Dead (1995),3.5,4,Flop
Grease (1978),3.347058823529412,170,Overhyped
Grease 2 (1982),2.0,24,Flop
"Great Day in Harlem, A (1994)",5.0,1,Hidden Gem
"Great Dictator, The (1940)",4.021739130434782,46,Hidden Gem
"Great Escape, The (1963)",4.104838709677419,124,Blockbuster
Great Expectations (1998),3.2222222222222223,27,Flop
"Great Race, The (1965)",3.2903225806451615,31,Flop
"Great White Hype, The (1996)",2.7551020408163267,49,Flop
Gridlock'd (1997),3.210526315789474,19,Flop
"Grifters, The (1990)",3.4831460674157304,89,Flop
Grosse Fatigue (1994),3.25,4,Flop
Grosse Pointe Blank (1997),3.675,160,Overhyped
Groundhog Day (1993),3.7642857142857142,280,Overhyped
Grumpier Old Men (1995),3.0405405405405403,148,Overhyped
Guantanamera (1994),3.75,4,Flop
Guilty as Sin (1993),2.1666666666666665,6,Flop
Gumby: The Movie (1995),2.6,5,Flop
Hackers (1995),2.606060606060606,33,Flop
Half Baked (1998),2.5,20,Flop
Halloween: The Curse of Michael Myers (1995),2.2,25,Flop
Hamlet (1996),4.011111111111111,90,Hidden Gem
Hana-bi (1997),3.0,1,Flop
Happy Gilmore (1996),3.389261744966443,149,Overhyped
Hard Eight (1996),4.0,15,Hidden Gem
Hard Rain (1998),2.903225806451613,31,Flop
Hard Target (1993),2.7,40,Flop
Harlem (1993),2.75,4,Flop
Harold and Maude (1971),3.8181818181818183,121,Overhyped
Harriet the Spy (1996),2.7,40,Flop
"Hate (Haine, La) (1995)",3.5,18,Flop
"Haunted World of Edward D. Wood Jr., The (1995)",3.7333333333333334,15,Flop
He Walked by Night (1948),4.0,1,Hidden Gem
Head Above Water (1996),3.0,4,Flop
Hear My Song (1991),3.25,8,Flop
Hearts and Minds (1996),3.8,5,Flop
Heat (1995),3.569506726457399,223,Overhyped
Heathers (1989),3.690058479532164,171,Overhyped
Heaven & Earth (1993),2.5555555555555554,9,Flop
Heaven's Prisoners (1996),2.5185185185185186,27,Flop
Heavenly Creatures (1994),3.6714285714285713,70,Flop
Heavy (1995),2.4,5,Flop
Heavy Metal (1981),3.26027397260274,73,Flop
Heavyweights (1994),2.1538461538461537,13,Flop
Hedd Wyn (1992),1.0,1,Flop
Heidi Fleiss: Hollywood Madam (1995) ,2.6923076923076925,13,Flop
Hellraiser: Bloodline (1996),2.0,18,Flop
Henry V (1989),4.137096774193548,124,Blockbuster
Herbie Rides Again (1974),2.272727272727273,11,Flop
Hercules (1997),3.515151515151515,66,Flop
Here Comes Cookie (1935),2.0,1,Flop
Hideaway (1995),2.4444444444444446,9,Flop
High Noon (1952),4.1022727272727275,88,Hidden Gem
High School High (1996),2.6206896551724137,29,Flop
Higher Learning (1995),3.3333333333333335,30,Flop
Highlander (1986),3.5359477124183005,153,Overhyped
Highlander III: The Sorcerer (1994),2.125,16,Flop
His Girl Friday (1940),4.0,56,Hidden Gem
Hollow Reed (1996),2.3333333333333335,6,Flop
Homage (1995),1.0,1,Flop
Home Alone (1990),3.0875912408759123,137,Overhyped
Home Alone 3 (1997),1.894736842105263,19,Flop
Home for the Holidays (1995),3.1551724137931036,58,Flop
Homeward Bound II: Lost in San Francisco (1996),2.78125,32,Flop
Homeward Bound: The Incredible Journey (1993),3.2131147540983607,61,Flop
Hoodlum (1997),2.9315068493150687,73,Flop
Hoop Dreams (1994),4.094017094017094,117,Blockbuster
"Horse Whisperer, The (1998)",2.7142857142857144,7,Flop
"Horseman on the Roof, The (Hussard sur le toit, Le) (1995)",4.111111111111111,9,Hidden Gem
Hostile Intentions (1994),1.0,1,Flop
Hot Shots! Part Deux (1993),2.764705882352941,68,Flop
Hotel de Love (1996),3.25,4,Flop
"Hour of the Pig, The (1993)",3.5714285714285716,14,Flop
House Arrest (1996),2.52,25,Flop
House Party 3 (1994),2.0,9,Flop
"House of Yes, The (1997)",3.0,18,Flop
"House of the Spirits, The (1993)",3.0416666666666665,24,Flop
Houseguest (1994),2.8333333333333335,24,Flop
How to Be a Player (1997),2.761904761904762,21,Flop
How to Make an American Quilt (1995),3.3380281690140845,71,Flop
"Howling, The (1981)",3.026315789473684,38,Flop
"Hudsucker Proxy, The (1994)",3.5545454545454547,110,Overhyped
Hugo Pool (1997),3.2857142857142856,7,Flop
"Hunchback of Notre Dame, The (1996)",3.377952755905512,127,Overhyped
"Hungarian Fairy Tale, A (1987)",1.0,1,Flop
"Hunt for Red October, The (1990)",3.8634361233480177,227,Overhyped
"Hunted, The (1995)",2.0,3,Flop
Hurricane Streets (1998),2.6666666666666665,9,Flop
Hush (1998),2.0,1,Flop
I Can't Sleep (J'ai pas sommeil) (1994),2.6666666666666665,3,Flop
I Don't Want to Talk About It (De eso no se habla) (1993),4.0,1,Hidden Gem
I Know What You Did Last Summer (1997),3.06,100,Overhyped
I Like It Like That (1994),2.3333333333333335,3,Flop
I Love Trouble (1994),2.5,10,Flop
I Shot Andy Warhol (1996),3.3783783783783785,37,Flop
I'll Do Anything (1994),2.6,10,Flop
I'm Not Rappaport (1996),3.0,17,Flop
"I, Worst of All (Yo, la peor de todas) (1990)",1.0,1,Flop
I.Q. (1994),3.3209876543209877,81,Flop
"Ice Storm, The (1997)",3.611111111111111,108,Overhyped
If Lucy Fell (1996),2.7586206896551726,29,Flop
Ill Gotten Gains (1997),2.3333333333333335,3,Flop
Immortal Beloved (1994),3.4603174603174605,63,Flop
In & Out (1997),3.3043478260869565,230,Overhyped
In Love and War (1996),3.4285714285714284,28,Flop
In the Army Now (1994),2.2777777777777777,18,Flop
In the Bleak Midwinter (1995),3.6875,16,Flop
In the Company of Men (1997),3.712121212121212,66,Flop
In the Line of Duty 2 (1987),2.75,4,Flop
In the Line of Fire (1993),3.7928994082840237,169,Overhyped
In the Mouth of Madness (1995),2.8846153846153846,26,Flop
In the Name of the Father (1993),3.911764705882353,102,Overhyped
In the Realm of the Senses (Ai no corrida) (1976),2.0,9,Flop
Incognito (1997),3.5,10,Flop
Independence Day (ID4) (1996),3.438228438228438,429,Overhyped
Indian Summer (1996),3.25,20,Flop
"Indian in the Cupboard, The (1995)",2.8205128205128207,39,Flop
Indiana Jones and the Last Crusade (1989),3.930513595166163,331,Overhyped
Infinity (1996),2.6666666666666665,6,Flop
"Inkwell, The (1994)",3.3333333333333335,3,Flop
"Innocent Sleep, The (1995)",2.0,2,Flop
"Innocents, The (1961)",4.25,4,Hidden Gem
"Inspector General, The (1949)",3.7222222222222223,18,Flop
Interview with the Vampire (1994),3.1824817518248176,137,Overhyped
Intimate Relations (1996),3.0,2,Flop
Inventing the Abbotts (1997),3.130434782608696,23,Flop
"Invitation, The (Zaproszenie) (1986)",1.0,1,Flop
"Island of Dr. Moreau, The (1996)",2.1578947368421053,57,Flop
It Could Happen to You (1994),3.652173913043478,46,Flop
It Happened One Night (1934),4.012345679012346,81,Hidden Gem
It Takes Two (1995),2.6666666666666665,3,Flop
It's My Party (1995),3.2857142857142856,21,Flop
It's a Wonderful Life (1946),4.121212121212121,231,Blockbuster
JLG/JLG - autoportrait de décembre (1994),1.0,1,Flop
Jack (1996),3.142857142857143,70,Flop
Jack and Sarah (1995),2.142857142857143,7,Flop
"Jackal, The (1997)",3.1494252873563218,87,Flop
Jackie Brown (1997),3.642857142857143,126,Overhyped
Jackie Chan's First Strike (1996),3.2551724137931033,145,Overhyped
Jade (1995),2.2941176470588234,17,Flop
James and the Giant Peach (1996),3.126984126984127,126,Overhyped
Jane Eyre (1996),3.4761904761904763,63,Flop
Jason's Lyric (1994),3.0,8,Flop
Jaws (1975),3.775,280,Overhyped
Jaws 2 (1978),2.6666666666666665,66,Flop
Jaws 3-D (1983),1.9375,16,Flop
Jean de Florette (1986),4.109375,64,Hidden Gem
Jefferson in Paris (1995),2.0,5,Flop
Jeffrey (1995),3.5294117647058822,34,Flop
"Jerky Boys, The (1994)",2.6666666666666665,3,Flop
Jerry Maguire (1996),3.7109375,384,Overhyped
Jimmy Hollywood (1994),2.875,8,Flop
Jingle All the Way (1996),2.111111111111111,18,Flop
Joe's Apartment (1996),2.2444444444444445,45,Flop
Johnny 100 Pesos (1993),1.5,2,Flop
Johnny Mnemonic (1995),2.6341463414634148,41,Flop
Johns (1996),3.0,1,Flop
"Journey of August King, The (1995)",2.0,4,Flop
"Joy Luck Club, The (1993)",3.6666666666666665,3,Flop
Jude (1996),3.0,23,Flop
Judge Dredd (1995),2.8974358974358974,39,Flop
Judgment Night (1993),2.68,25,Flop
Jumanji (1995),3.3125,96,Flop
"Jungle Book, The (1994)",3.5647058823529414,85,Flop
Jungle2Jungle (1997),2.4393939393939394,132,Overhyped
Junior (1994),3.022222222222222,45,Flop
Jupiter's Wife (1994),4.0,1,Hidden Gem
Jurassic Park (1993),3.7203065134099615,261,Overhyped
"Juror, The (1996)",2.817073170731707,82,Flop
Jury Duty (1995),2.0,14,Flop
Just Cause (1995),3.142857142857143,28,Flop
Kalifornia (1993),3.2203389830508473,59,Flop
Kama Sutra: A Tale of Love (1996),3.3181818181818183,22,Flop
Kansas City (1996),2.260869565217391,23,Flop
Kaspar Hauser (1993),4.25,8,Hidden Gem
Kazaam (1996),1.8,10,Flop
Keys to Tulsa (1997),2.24,25,Flop
Kicked in the Head (1997),2.5714285714285716,7,Flop
Kicking and Screaming (1995),2.923076923076923,13,Flop
"Kid in King Arthur's Court, A (1995)",2.727272727272727,22,Flop
Kids (1995),3.061224489795918,49,Flop
Kids in the Hall: Brain Candy (1996),3.076923076923077,65,Flop
Kika (1993),2.0,2,Flop
Killer (Bulletproof Heart) (1994),2.5,4,Flop
Killer: A Journal of Murder (1995),4.0,1,Hidden Gem
"Killing Fields, The (1984)",4.132231404958677,121,Blockbuster
Killing Zoe (1994),3.475,40,Flop
Kim (1950),3.2857142857142856,7,Flop
King of New York (1990),1.0,1,Flop
King of the Hill (1993),3.5,4,Flop
Kingpin (1996),3.1296296296296298,162,Overhyped
"Kiss Me, Guido (1997)",3.161290322580645,31,Flop
Kiss of Death (1995),2.85,20,Flop
Kiss the Girls (1997),3.4615384615384617,143,Overhyped
Kissed (1996),3.0,6,Flop
Kolya (1996),3.9914529914529915,117,Overhyped
Koyaanisqatsi (1983),3.490566037735849,53,Flop
Kull the Conqueror (1997),2.63768115942029,69,Flop
Kundun (1997),3.6904761904761907,42,Flop
L.A. Confidential (1997),4.161616161616162,297,Blockbuster
Lady of Burlesque (1943),4.0,1,Hidden Gem
Ladybird Ladybird (1994),2.75,4,Flop
Lamerica (1994),3.75,4,Flop
Land Before Time III: The Time of the Great Giving (1995) (V),1.6666666666666667,6,Flop
Land and Freedom (Tierra y libertad) (1995),3.0,1,Flop
Larger Than Life (1996),2.3333333333333335,9,Flop
Lashou shentan (1992),1.0,1,Flop
Lassie (1994),2.2857142857142856,7,Flop
Last Action Hero (1993),2.7457627118644066,59,Flop
Last Dance (1996),3.111111111111111,9,Flop
"Last Klezmer: Leopold Kozlowski, His Life and Music, The (1995)",3.0,4,Flop
Last Man Standing (1996),2.660377358490566,53,Flop
Last Summer in the Hamptons (1995),2.3333333333333335,3,Flop
"Last Supper, The (1995)",3.4482758620689653,58,Flop
"Last Time I Committed Suicide, The (1997)",2.2857142857142856,7,Flop
"Last Time I Saw Paris, The (1954)",3.6666666666666665,3,Flop
"Last of the Mohicans, The (1992)",3.546875,128,Overhyped
Late Bloomers (1996),3.4,5,Flop
Laura (1944),4.1,40,Hidden Gem
Lawnmower Man 2: Beyond Cyberspace (1996),1.7142857142857142,21,Flop
"Lawnmower Man, The (1992)",2.4461538461538463,65,Flop
Lawrence of Arabia (1962),4.23121387283237,173,Blockbuster
"Lay of the Land, The (1997)",2.5,4,Flop
"Leading Man, The (1996)",3.75,4,Flop
Leave It to Beaver (1997),1.8409090909090908,44,Flop
Leaving Las Vegas (1995),3.697986577181208,298,Overhyped
Legal Deceit (1997),3.4,5,Flop
Legends of the Fall (1994),3.45679012345679,81,Flop
"Leopard Son, The (1996)",1.0,1,Flop
"Letter From Death Row, A (1998)",4.333333333333333,3,Hidden Gem
Liar Liar (1997),3.156701030927835,485,Overhyped
Liebelei (1933),1.0,1,Flop
"Life Less Ordinary, A (1997)",3.0754716981132075,53,Flop
Life with Mikey (1993),2.2857142857142856,7,Flop
Lightning Jack (1994),3.0,10,Flop
Like Water For Chocolate (Como agua para chocolate) (1992),3.804054054054054,148,Overhyped
"Line King: Al Hirschfeld, The (1996)",3.0,2,Flop
"Lion King, The (1994)",3.7818181818181817,220,Overhyped
Little Big League (1994),2.875,16,Flop
Little Buddha (1993),3.3181818181818183,22,Flop
Little City (1998),3.5,2,Flop
Little Lord Fauntleroy (1936),3.1666666666666665,12,Flop
Little Odessa (1994),2.6,10,Flop
"Little Princess, A (1995)",3.658536585365854,41,Flop
"Little Princess, The (1939)",3.5555555555555554,9,Flop
"Little Rascals, The (1994)",2.7222222222222223,18,Flop
Little Women (1994),3.676470588235294,102,Overhyped
Live Nude Girls (1995),3.0869565217391304,23,Flop
Living in Oblivion (1995),3.740740740740741,27,Flop
Loaded (1994),2.4,5,Flop
Local Hero (1983),3.9682539682539684,63,Flop
Loch Ness (1995),2.5,4,Flop
"Locusts, The (1997)",2.0,5,Flop
Lone Star (1996),4.053475935828877,187,Blockbuster
"Long Kiss Goodnight, The (1996)",3.4702702702702704,185,Overhyped
Looking for Richard (1996),3.727272727272727,55,Flop
Lord of Illusions (1995),2.4166666666666665,24,Flop
Losing Chase (1996),3.25,8,Flop
Losing Isaiah (1995),3.0,12,Flop
Lost Highway (1997),3.136,125,Overhyped
Lost Horizon (1937),3.9411764705882355,34,Flop
"Lost World: Jurassic Park, The (1997)",2.9430379746835444,158,Overhyped
Lost in Space (1998),3.1666666666666665,18,Flop
Lotto Land (1995),1.0,1,Flop
Love & Human Remains (1993),3.1666666666666665,12,Flop
Love Affair (1994),2.8333333333333335,12,Flop
"Love Bug, The (1969)",2.78,50,Flop
Love Is All There Is (1996),3.0,1,Flop
Love Jones (1997),3.0952380952380953,42,Flop
Love Serenade (1996),3.0,4,Flop
Love and Death on Long Island (1997),2.5,2,Flop
Love and Other Catastrophes (1996),2.857142857142857,7,Flop
Love and a .45 (1994),3.125,8,Flop
Love in the Afternoon (1957),3.9,10,Flop
Love! Valour! Compassion! (1997),3.6153846153846154,26,Flop
Lover's Knot (1996),2.0,3,Flop
"Low Down Dirty Shame, A (1994)",2.5,10,Flop
"Low Life, The (1994)",1.0,1,Flop
M (1931),4.0,44,Hidden Gem
M*A*S*H (1970),3.912621359223301,206,Overhyped
M. Butterfly (1993),3.2222222222222223,18,Flop
MURDER and murder (1996),2.0,1,Flop
Ma vie en rose (My Life in Pink) (1997),3.45,20,Flop
"Machine, The (1994)",1.5,2,Flop
Mad City (1997),3.25531914893617,47,Flop
Mad Dog Time (1996),3.0,1,Flop
Mad Love (1995),2.1538461538461537,13,Flop
Madame Butterfly (1995),3.5714285714285716,7,Flop
Made in America (1993),2.5185185185185186,27,Flop
"Madness of King George, The (1994)",3.769230769230769,91,Flop
Madonna: Truth or Dare (1991),2.4705882352941178,17,Flop
"Magic Hour, The (1998)",3.6,5,Flop
"Magnificent Seven, The (1954)",3.9421487603305785,121,Overhyped
Major Payne (1994),2.473684210526316,19,Flop
Malice (1993),3.1739130434782608,46,Flop
Mallrats (1995),3.4444444444444446,54,Flop
"Maltese Falcon, The (1941)",4.2101449275362315,138,Blockbuster
Mamma Roma (1962),4.0,1,Hidden Gem
"Man Who Knew Too Little, The (1997)",2.923076923076923,52,Flop
"Man Who Would Be King, The (1975)",4.025,80,Hidden Gem
"Man Without a Face, The (1993)",3.5441176470588234,68,Flop
"Man from Down Under, The (1943)",1.0,1,Flop
"Man in the Iron Mask, The (1998)",3.4166666666666665,12,Flop
"Man of No Importance, A (1994)",3.4285714285714284,7,Flop
Man of the House (1995),2.111111111111111,9,Flop
Man of the Year (1995),3.111111111111111,9,Flop
"Manchurian Candidate, The (1962)",4.259541984732825,131,Blockbuster
Manhattan (1979),3.769230769230769,91,Flop
Manhattan Murder Mystery (1993),3.6296296296296298,27,Flop
Manny & Lo (1996),3.1538461538461537,13,Flop
Manon of the Spring (Manon des sources) (1986),4.120689655172414,58,Hidden Gem
Margaret's Museum (1995),4.0,6,Hidden Gem
"Mark of Zorro, The (1940)",3.6153846153846154,13,Flop
Marked for Death (1990),2.5,22,Flop
Marlene Dietrich: Shadow and Light (1996) ,5.0,1,Hidden Gem
Mars Attacks! (1996),2.847926267281106,217,Overhyped
Marvin's Room (1996),3.58974358974359,78,Flop
Mary Poppins (1964),3.7247191011235956,178,Overhyped
Mary Reilly (1996),2.8205128205128207,39,Flop
Mary Shelley's Frankenstein (1994),3.0677966101694913,59,Flop
"Mask, The (1994)",3.193798449612403,129,Overhyped
Mat' i syn (1997),1.0,1,Flop
"MatchMaker, The (1997)",3.176470588235294,51,Flop
Matilda (1996),3.210526315789474,95,Flop
Maverick (1994),3.46875,128,Overhyped
Maximum Risk (1996),2.8,20,Flop
Maya Lin: A Strong Clear Vision (1994),4.5,4,Hidden Gem
"Maybe, Maybe Not (Bewegte Mann, Der) (1994)",3.5,8,Flop
McHale's Navy (1997),2.1884057971014492,69,Flop
Mediterraneo (1991),3.676470588235294,34,Flop
Meet John Doe (1941),3.92,25,Flop
Meet Me in St. Louis (1944),3.3548387096774195,31,Flop
Meet Wally Sparks (1997),2.142857142857143,7,Flop
Men With Guns (1997),3.5,2,Flop
Men in Black (1997),3.745874587458746,303,Overhyped
Men of Means (1998),2.0,2,Flop
Menace II Society (1993),3.46,50,Flop
Mercury Rising (1998),3.4285714285714284,7,Flop
Metisse (Café au Lait) (1993),2.3333333333333335,6,Flop
Metro (1997),2.9166666666666665,36,Flop
Miami Rhapsody (1995),2.6,15,Flop
Michael (1996),3.319327731092437,119,Overhyped
Michael Collins (1996),3.4565217391304346,92,Flop
Microcosmos: Le peuple de l'herbe (1996),3.75,24,Flop
Midnight Dancers (Sibak) (1994),2.8,5,Flop
Midnight in the Garden of Good and Evil (1997),3.1625,80,Flop
Mighty Aphrodite (1995),3.4184782608695654,184,Overhyped
Mighty Morphin Power Rangers: The Movie (1995),2.272727272727273,11,Flop
"Mighty, The (1998)",1.0,3,Flop
Milk Money (1994),2.72972972972973,37,Flop
Mille bolle blu (1993),1.0,1,Flop
Miller's Crossing (1990),3.651685393258427,89,Flop
Mimic (1997),2.742574257425743,101,Overhyped
Mina Tannenbaum (1994),3.6666666666666665,6,Flop
Miracle on 34th Street (1994),3.722772277227723,101,Overhyped
Mirage (1995),3.0,1,Flop
"Mirror Has Two Faces, The (1996)",3.3636363636363638,66,Flop
Mission: Impossible (1996),3.313953488372093,344,Overhyped
"Misérables, Les (1995)",3.619047619047619,21,Flop
Mixed Nuts (1994),2.533333333333333,15,Flop
"Modern Affair, A (1995)",1.0,1,Flop
Moll Flanders (1996),3.5,42,Flop
Mondo (1996),3.0,3,Flop
Money Talks (1997),2.8152173913043477,92,Flop
Money Train (1995),2.511627906976744,43,Flop
"Month by the Lake, A (1995)",3.3333333333333335,9,Flop
Monty Python and the Holy Grail (1974),4.0664556962025316,316,Blockbuster
Monty Python's Life of Brian (1979),3.7471264367816093,174,Overhyped
Moonlight and Valentino (1995),2.5714285714285716,7,Flop
Mortal Kombat (1995),2.877551020408163,49,Flop
Mortal Kombat: Annihilation (1997),1.9534883720930232,43,Flop
"Mostro, Il (1994)",1.0,1,Flop
Mother (1996),3.1301775147928996,169,Overhyped
Mother Night (1996),3.1818181818181817,22,Flop
Mouse Hunt (1997),2.477272727272727,44,Flop
Mr. Holland's Opus (1995),3.7781569965870307,293,Overhyped
Mr. Jones (1993),2.5,2,Flop
Mr. Magoo (1997),1.9166666666666667,12,Flop
Mr. Smith Goes to Washington (1939),4.123809523809523,105,Blockbuster
Mr. Wonderful (1993),3.0,4,Flop
Mr. Wrong (1996),2.3043478260869565,23,Flop
"Mrs. Brown (Her Majesty, Mrs. Brown) (1997)",3.9479166666666665,96,Flop
Mrs. Dalloway (1997),3.6,15,Flop
Mrs. Doubtfire (1993),3.4114583333333335,192,Overhyped
Mrs. Parker and the Vicious Circle (1994),3.272727272727273,22,Flop
Mrs. Winterbourne (1996),3.0454545454545454,22,Flop
Much Ado About Nothing (1993),4.0625,176,Blockbuster
Mulholland Falls (1996),2.8780487804878048,82,Flop
Multiplicity (1996),2.8358208955223883,134,Overhyped
Muppet Treasure Island (1996),2.761904761904762,84,Flop
Murder at 1600 (1997),3.0871559633027523,218,Overhyped
Murder in the First (1995),3.6,60,Flop
"Murder, My Sweet (1944)",3.5555555555555554,9,Flop
Muriel's Wedding (1994),3.55,100,Overhyped
Mute Witness (1994),2.9411764705882355,17,Flop
My Best Friend's Wedding (1997),3.36046511627907,172,Overhyped
My Crazy Life (Mi vida loca) (1993),3.1818181818181817,11,Flop
My Fair Lady (1964),3.816,125,Overhyped
My Family (1995),3.6666666666666665,21,Flop
My Favorite Season (1993),3.6666666666666665,3,Flop
My Favorite Year (1982),3.532258064516129,62,Flop
My Fellow Americans (1996),3.1627906976744184,86,Flop
My Left Foot (1989),3.8512396694214877,121,Overhyped
My Life and Times With Antonin Artaud (En compagnie d'Antonin Artaud) (1993),2.0,2,Flop
My Life as a Dog (Mitt liv som hund) (1985),3.978494623655914,93,Flop
My Man Godfrey (1936),4.037037037037037,27,Hidden Gem
My Own Private Idaho (1991),3.6333333333333333,30,Flop
Mystery Science Theater 3000: The Movie (1996),3.4307692307692306,130,Overhyped
Nadja (1994),2.25,8,Flop
Naked (1993),3.24,25,Flop
Naked Gun 33 1/3: The Final Insult (1994),2.782608695652174,69,Flop
Naked in New York (1994),1.5,2,Flop
National Lampoon's Senior Trip (1995),2.4285714285714284,7,Flop
Natural Born Killers (1994),2.953125,128,Overhyped
Nell (1994),3.4814814814814814,81,Flop
Nelly & Monsieur Arnaud (1995),3.6666666666666665,3,Flop
Nemesis 2: Nebula (1995),2.0,1,Flop
"Neon Bible, The (1995)",1.75,4,Flop
"Net, The (1995)",3.0083333333333333,120,Overhyped
"NeverEnding Story III, The (1994)",2.1666666666666665,12,Flop
"New Age, The (1994)",1.0,1,Flop
New Jersey Drive (1995),3.0,2,Flop
New York Cop (1996),2.5,2,Flop
"Newton Boys, The (1998)",3.0,4,Flop
"Next Karate Kid, The (1994)",2.4444444444444446,9,Flop
"Next Step, The (1995)",3.0,1,Flop
"Niagara, Niagara (1997)",2.0,1,Flop
Nick of Time (1995),3.0454545454545454,44,Flop
Nico Icon (1995),4.0,2,Hidden Gem
Night Falls on Manhattan (1997),3.375,32,Flop
Night Flier (1997),3.7142857142857144,7,Flop
Night of the Living Dead (1968),3.421875,64,Flop
Night on Earth (1991),3.8333333333333335,36,Flop
"Nightmare Before Christmas, The (1993)",3.5874125874125875,143,Overhyped
"Nightmare on Elm Street, A (1984)",3.171171171171171,111,Overhyped
Nightwatch (1997),3.0,3,Flop
Nikita (La Femme Nikita) (1990),4.0078740157480315,127,Blockbuster
Nil By Mouth (1997),2.0,4,Flop
Nina Takes a Lover (1994),2.8333333333333335,6,Flop
Nine Months (1995),2.9310344827586206,58,Flop
Ninotchka (1939),3.769230769230769,26,Flop
Nixon (1995),3.1222222222222222,90,Flop
No Escape (1994),2.4,5,Flop
Nobody Loves Me (Keiner liebt mich) (1994),1.0,1,Flop
Nobody's Fool (1994),3.608695652173913,46,Flop
Normal Life (1996),3.0,1,Flop
North (1994),2.7142857142857144,7,Flop
North by Northwest (1959),4.284916201117318,179,Blockbuster
"Nosferatu (Nosferatu, eine Symphonie des Grauens) (1922)",3.5555555555555554,54,Flop
Nosferatu a Venezia (1986),2.3333333333333335,3,Flop
Nothing Personal (1995),2.0,1,Flop
Nothing to Lose (1994),3.2857142857142856,7,Flop
Notorious (1946),4.115384615384615,52,Hidden Gem
Now and Then (1995),3.4583333333333335,24,Flop
Nowhere (1997),2.3333333333333335,3,Flop
"Nutty Professor, The (1996)",2.914110429447853,163,Overhyped
Nénette et Boni (1996),3.5,6,Flop
"Object of My Affection, The (1998)",4.0,1,Hidden Gem
Of Human Bondage (1934),3.2,5,Flop
Of Love and Shadows (1994),3.1666666666666665,6,Flop
Office Killer (1997),1.0,1,Flop
"Old Lady Who Walked in the Sea, The (Vieille qui marchait dans la mer, La) (1991)",2.6,5,Flop
"Old Man and the Sea, The (1958)",3.34375,32,Flop
Old Yeller (1957),3.484375,64,Flop
Oliver & Company (1988),2.772727272727273,22,Flop
"Omen, The (1976)",3.388235294117647,85,Flop
On Golden Pond (1981),3.556603773584906,106,Overhyped
Once Upon a Time in America (1984),3.4,50,Flop
Once Upon a Time in the West (1969),3.8684210526315788,38,Flop
Once Upon a Time... When We Were Colored (1995),3.2857142857142856,28,Flop
Once Were Warriors (1994),4.064516129032258,31,Hidden Gem
One Fine Day (1996),3.232142857142857,112,Overhyped
One Flew Over the Cuckoo's Nest (1975),4.291666666666667,264,Blockbuster
One Night Stand (1997),3.466666666666667,15,Flop
Only You (1994),3.1538461538461537,39,Flop
Open Season (1996),2.5,2,Flop
Operation Dumbo Drop (1995),2.5161290322580645,31,Flop
Original Gangstas (1996),2.142857142857143,7,Flop
Orlando (1993),3.6176470588235294,34,Flop
Oscar & Lucinda (1997),3.1904761904761907,21,Flop
Othello (1995),3.611111111111111,72,Flop
"Other Voices, Other Rooms (1997)",3.0,1,Flop
Out to Sea (1997),2.6842105263157894,19,Flop
Outbreak (1995),3.2403846153846154,104,Overhyped
"Outlaw, The (1943)",2.5,2,Flop
"Pagemaster, The (1994)",2.25,12,Flop
"Pallbearer, The (1996)",2.3181818181818183,22,Flop
Palmetto (1998),3.142857142857143,14,Flop
Palookaville (1996),2.923076923076923,13,Flop
Panther (1995),2.4,5,Flop
"Paper, The (1994)",3.225,40,Flop
Paradise Lost: The Child Murders at Robin Hood Hills (1996),4.05,20,Hidden Gem
Paradise Road (1997),3.2857142857142856,7,Flop
"Parent Trap, The (1961)",3.095890410958904,73,Flop
Paris Is Burning (1990),3.814814814814815,27,Flop
Paris Was a Woman (1995),3.0,1,Flop
"Paris, France (1993)",2.3333333333333335,3,Flop
"Paris, Texas (1984)",3.5434782608695654,46,Flop
Party Girl (1995),2.875,16,Flop
Passion Fish (1992),3.1785714285714284,28,Flop
Pather Panchali (1955),4.625,8,Hidden Gem
Paths of Glory (1957),4.212121212121212,33,Hidden Gem
Patton (1970),3.9926470588235294,136,Overhyped
"Peacemaker, The (1997)",3.2720588235294117,136,Overhyped
Penny Serenade (1941),3.0,8,Flop
"People vs. Larry Flynt, The (1996)",3.5953488372093023,215,Overhyped
"Perez Family, The (1995)",2.642857142857143,14,Flop
"Perfect Candidate, A (1996)",4.0,4,Hidden Gem
"Perfect World, A (1993)",3.68,50,Flop
Persuasion (1995),4.045454545454546,44,Hidden Gem
"Pest, The (1997)",1.875,8,Flop
Pete's Dragon (1977),2.7209302325581395,43,Flop
"Phantom, The (1996)",2.575,80,Flop
Phantoms (1998),2.230769230769231,13,Flop
Pharaoh's Army (1995),1.0,1,Flop
Phat Beach (1996),1.6,5,Flop
Phenomenon (1996),3.557377049180328,244,Overhyped
Philadelphia (1993),3.854014598540146,137,Overhyped
"Philadelphia Story, The (1940)",4.115384615384615,104,Blockbuster
"Piano, The (1993)",3.6011904761904763,168,Overhyped
Picnic (1955),3.611111111111111,18,Flop
Picture Bride (1995),3.1,10,Flop
Picture Perfect (1997),2.962962962962963,81,Flop
Pie in the Sky (1995),2.0,4,Flop
"Pillow Book, The (1995)",3.6923076923076925,26,Flop
Pink Floyd - The Wall (1982),3.3508771929824563,114,Overhyped
Pinocchio (1940),3.6732673267326734,101,Overhyped
Platoon (1986),3.6929133858267718,127,Overhyped
Playing God (1997),2.627906976744186,43,Flop
Pocahontas (1995),2.5294117647058822,51,Flop
Poetic Justice (1993),2.7777777777777777,9,Flop
Poison Ivy II (1995),2.1538461538461537,13,Flop
Police Story 4: Project S (Chao ji ji hua) (1993),1.0,1,Flop
Pollyanna (1960),3.1481481481481484,27,Flop
"Pompatus of Love, The (1996)",3.0,7,Flop
Ponette (1996),3.3,10,Flop
"Portrait of a Lady, The (1996)",2.68,25,Flop
"Postino, Il (1994)",3.9672131147540983,183,Overhyped
"Postman, The (1997)",3.2241379310344827,58,Flop
Powder (1995),3.2083333333333335,48,Flop
Power 98 (1995),1.0,1,Flop
"Preacher's Wife, The (1996)",2.926470588235294,68,Flop
Prefontaine (1997),5.0,3,Hidden Gem
Pretty Woman (1990),3.323170731707317,164,Overhyped
"Price Above Rubies, A (1998)",3.3333333333333335,3,Flop
Priest (1994),4.0,40,Hidden Gem
Primal Fear (1996),3.601123595505618,178,Overhyped
Primary Colors (1998),3.923076923076923,13,Flop
"Princess Bride, The (1987)",4.172839506172839,324,Blockbuster
Princess Caraboo (1994),3.1333333333333333,15,Flop
Prisoner of the Mountains (Kavkazsky Plennik) (1996),3.0,5,Flop
Private Benjamin (1980),2.955223880597015,67,Flop
Private Parts (1997),3.53,100,Overhyped
"Professional, The (1994)",3.704697986577181,149,Overhyped
"Program, The (1993)",2.838709677419355,31,Flop
"Promesse, La (1996)",3.3333333333333335,6,Flop
"Promise, The (Versprechen, Das) (1994)",1.0,1,Flop
"Prophecy II, The (1998)",2.7,20,Flop
"Prophecy, The (1995)",2.9375,32,Flop
Psycho (1960),4.100418410041841,239,Blockbuster
Pulp Fiction (1994),4.060913705583756,394,Blockbuster
Pump Up the Volume (1990),3.4177215189873418,79,Flop
Purple Noon (1960),3.142857142857143,7,Flop
Pushing Hands (1992),2.0,2,Flop
"Pyromaniac's Love Story, A (1995)",2.4285714285714284,7,Flop
Quartier Mozart (1992),1.0,1,Flop
"Queen Margot (Reine Margot, La) (1994)",3.5,24,Flop
"Quest, The (1996)",2.5185185185185186,27,Flop
"Quick and the Dead, The (1995)",3.2083333333333335,48,Flop
"Quiet Man, The (1952)",4.029850746268656,67,Hidden Gem
"Quiet Room, The (1996)",3.6666666666666665,3,Flop
Quiz Show (1994),3.645714285714286,175,Overhyped
Race the Sun (1996),2.8,5,Flop
Radioland Murders (1994),3.3333333333333335,12,Flop
Raging Bull (1980),4.120689655172414,116,Blockbuster
Raiders of the Lost Ark (1981),4.252380952380952,420,Blockbuster
"Rainmaker, The (1997)",3.6,145,Overhyped
Raise the Red Lantern (1991),4.155172413793103,58,Hidden Gem
Raising Arizona (1987),3.875,256,Overhyped
Ran (1985),4.1,70,Hidden Gem
Ransom (1996),3.644194756554307,267,Overhyped
Raw Deal (1948),2.0,1,Flop
Ready to Wear (Pret-A-Porter) (1994),1.8333333333333333,18,Flop
Real Genius (1985),3.6638655462184873,119,Overhyped
Reality Bites (1994),2.961038961038961,77,Flop
Rear Window (1954),4.3875598086124405,209,Blockbuster
Rebecca (1940),3.9696969696969697,66,Flop
Rebel Without a Cause (1955),3.8555555555555556,90,Flop
Reckless (1995),2.75,8,Flop
Red Corner (1997),3.3859649122807016,57,Flop
"Red Firecracker, Green Firecracker (1994)",3.4615384615384617,13,Flop
Red Rock West (1992),3.5961538461538463,52,Flop
"Ref, The (1994)",3.0344827586206895,58,Flop
Relative Fear (1994),1.6666666666666667,3,Flop
"Relic, The (1997)",2.88,25,Flop
"Reluctant Debutante, The (1958)",3.0,1,Flop
"Remains of the Day, The (1993)",3.94,150,Overhyped
Renaissance Man (1994),3.0,43,Flop
"Rendezvous in Paris (Rendez-vous de Paris, Les) (1995)",3.3333333333333335,3,Flop
Rent-a-Kid (1995),3.0,8,Flop
"Replacement Killers, The (1998)",3.3076923076923075,39,Flop
Reservoir Dogs (1992),3.9864864864864864,148,Overhyped
Restoration (1995),3.464788732394366,71,Flop
"Return of Martin Guerre, The (Retour de Martin Guerre, Le) (1982)",3.772727272727273,44,Flop
Return of the Jedi (1983),4.007889546351085,507,Blockbuster
"Return of the Pink Panther, The (1974)",3.5543478260869565,92,Flop
Rhyme & Reason (1997),2.2,5,Flop
"Rich Man's Wife, The (1996)",2.4,15,Flop
Richard III (1995),3.831460674157303,89,Flop
Richie Rich (1994),2.4285714285714284,21,Flop
Ridicule (1996),3.7045454545454546,44,Flop
"Right Stuff, The (1983)",3.917197452229299,157,Overhyped
Ripe (1996),2.0,1,Flop
Rising Sun (1993),2.9069767441860463,43,Flop
"River Wild, The (1994)",3.143835616438356,146,Overhyped
"Road to Wellville, The (1994)",2.2941176470588234,17,Flop
Rob Roy (1995),3.5652173913043477,92,Flop
Robert A. Heinlein's The Puppet Masters (1994),3.0,18,Flop
Robin Hood: Men in Tights (1993),2.5892857142857144,56,Flop
Robin Hood: Prince of Thieves (1991),3.2266666666666666,75,Flop
Robocop 3 (1993),1.7272727272727273,11,Flop
"Rock, The (1996)",3.693121693121693,378,Overhyped
Rocket Man (1997),2.4081632653061225,49,Flop
Roman Holiday (1953),4.102941176470588,68,Hidden Gem
Romeo Is Bleeding (1993),3.0,37,Flop
Romper Stomper (1992),3.0,5,Flop
Romy and Michele's High School Reunion (1997),3.061224489795918,98,Flop
"Room with a View, A (1986)",3.985074626865672,134,Overhyped
Roommates (1995),3.230769230769231,13,Flop
Roseanna's Grave (For Roseanna) (1997),2.8,5,Flop
Rosencrantz and Guildenstern Are Dead (1990),3.888888888888889,90,Flop
Rosewood (1997),3.6666666666666665,114,Overhyped
Rough Magic (1995),2.5,2,Flop
Ruby in Paradise (1993),3.130434782608696,23,Flop
Rudy (1993),3.3125,64,Flop
"Ruling Class, The (1972)",3.875,16,Flop
Rumble in the Bronx (1995),3.4482758620689653,174,Overhyped
"Run of the Country, The (1995)",3.25,4,Flop
S.F.W. (1994),3.0,2,Flop
Sabrina (1954),3.796875,64,Flop
Sabrina (1995),3.5,190,Overhyped
Safe (1995),4.0,13,Hidden Gem
Safe Passage (1994),3.0,2,Flop
"Saint of Fort Washington, The (1993)",5.0,2,Hidden Gem
"Saint, The (1997)",3.1234177215189876,316,Overhyped
Salut cousin! (1996),2.0,2,Flop
"Santa Clause, The (1994)",3.097560975609756,82,Flop
Santa with Muscles (1996),5.0,2,Hidden Gem
"Savage Nights (Nuits fauves, Les) (1992)",3.0,3,Flop
"Scarlet Letter, The (1926)",3.0,2,Flop
"Scarlet Letter, The (1995)",2.4,5,Flop
Schindler's List (1993),4.466442953020135,298,Blockbuster
Schizopolis (1996),3.0,4,Flop
"Scout, The (1994)",2.6666666666666665,12,Flop
Scream (1996),3.4414225941422596,478,Overhyped
Scream 2 (1997),3.2169811320754715,106,Overhyped
Scream of Stone (Schrei aus Stein) (1991),3.0,1,Flop
Screamers (1995),2.652173913043478,46,Flop
"Search for One-eye Jimmy, The (1996)",2.6666666666666665,3,Flop
Searching for Bobby Fischer (1993),3.9057971014492754,138,Overhyped
"Second Jungle Book: Mowgli & Baloo, The (1997)",2.0,6,Flop
"Secret Adventures of Tom Thumb, The (1993)",2.6,5,Flop
"Secret Agent, The (1996)",3.0,6,Flop
"Secret Garden, The (1993)",3.5443037974683542,79,Flop
"Secret of Roan Inish, The (1994)",3.859154929577465,71,Flop
Secrets & Lies (1996),4.265432098765432,162,Blockbuster
Selena (1997),3.625,16,Flop
Sense and Sensibility (1995),4.0111940298507465,268,Blockbuster
Senseless (1998),2.4285714285714284,7,Flop
Serial Mom (1994),2.814814814814815,54,Flop
Set It Off (1996),3.4210526315789473,19,Flop
Seven (Se7en) (1995),3.847457627118644,236,Overhyped
Seven Years in Tibet (1997),3.458064516129032,155,Overhyped
"Seventh Seal, The (Sjunde inseglet, Det) (1957)",3.5416666666666665,72,Flop
"Sex, Lies, and Videotape (1989)",3.4752475247524752,101,Overhyped
"Sexual Life of the Belgians, The (1994)",1.5,2,Flop
Sgt. Bilko (1996),2.5675675675675675,74,Flop
Shadow Conspiracy (1997),2.8636363636363638,44,Flop
Shadow of Angels (Schatten der Engel) (1976),1.0,1,Flop
"Shadow, The (1994)",2.888888888888889,45,Flop
Shadowlands (1993),3.9358974358974357,78,Flop
Shadows (Cienie) (1988),1.0,1,Flop
"Shaggy Dog, The (1959)",3.0,30,Flop
Shall We Dance? (1937),3.7058823529411766,17,Flop
Shall We Dance? (1996),4.260869565217392,46,Hidden Gem
Shallow Grave (1994),3.8181818181818183,66,Flop
Shanghai Triad (Yao a yao yao dao waipo qiao) (1995),3.576923076923077,26,Flop
"Shawshank Redemption, The (1994)",4.445229681978798,283,Blockbuster
She's So Lovely (1997),2.7358490566037736,53,Flop
She's the One (1996),3.0136986301369864,73,Flop
Shiloh (1997),2.8333333333333335,12,Flop
Shine (1996),3.9224806201550386,129,Overhyped
"Shining, The (1980)",3.825242718446602,206,Overhyped
"Shooter, The (1995)",2.6666666666666665,3,Flop
Shooting Fish (1997),2.5,10,Flop
Shopping (1994),2.0,1,Flop
Short Cuts (1993),3.7761194029850746,67,Flop
"Show, The (1995)",3.0,2,Flop
Showgirls (1995),1.9565217391304348,23,Flop
"Silence of the Lambs, The (1991)",4.28974358974359,390,Blockbuster
"Silence of the Palace, The (Saimt el Qusur) (1994)",3.0,1,Flop
"Simple Twist of Fate, A (1994)",3.2,10,Flop
"Simple Wish, A (1997)",1.6666666666666667,3,Flop
Singin' in the Rain (1952),3.9927007299270074,137,Overhyped
Sirens (1994),2.983050847457627,59,Flop
Six Degrees of Separation (1993),3.77027027027027,74,Flop
"Sixth Man, The (1997)",3.2222222222222223,9,Flop
Sleeper (1973),3.6341463414634148,82,Flop
Sleepers (1996),3.514792899408284,169,Overhyped
Sleepless in Seattle (1993),3.539906103286385,213,Overhyped
Sleepover (1995),3.0,1,Flop
Sliding Doors (1998),2.6,5,Flop
Sling Blade (1996),4.198529411764706,136,Blockbuster
"Slingshot, The (1993)",3.5,2,Flop
Sliver (1993),2.4054054054054053,37,Flop
Small Faces (1995),2.0,1,Flop
"Smile Like Yours, A (1997)",2.88,25,Flop
Smilla's Sense of Snow (1997),3.1666666666666665,48,Flop
Smoke (1995),3.6216216216216215,74,Flop
Sneakers (1992),3.513333333333333,150,Overhyped
Snow White and the Seven Dwarfs (1937),3.7093023255813953,172,Overhyped
So Dear to My Heart (1949),3.25,4,Flop
So I Married an Axe Murderer (1993),3.0526315789473686,95,Flop
Solo (1996),1.8333333333333333,12,Flop
Some Folks Call It a Sling Blade (1993),4.2926829268292686,41,Hidden Gem
Some Kind of Wonderful (1987),3.6610169491525424,59,Flop
Some Like It Hot (1959),3.984375,128,Overhyped
Some Mother's Son (1996),4.5,2,Hidden Gem
Somebody to Love (1994),1.0,2,Flop
Someone Else's America (1995),5.0,1,Hidden Gem
Something to Talk About (1995),2.769230769230769,26,Flop
Somewhere in Time (1980),3.426829268292683,82,Flop
Son in Law (1993),2.4871794871794872,39,Flop
Sophie's Choice (1982),3.896551724137931,58,Flop
Soul Food (1997),3.169491525423729,59,Flop
"Sound of Music, The (1965)",3.765765765765766,222,Overhyped
Space Jam (1996),2.774193548387097,93,Flop
"Spanish Prisoner, The (1997)",4.0,1,Hidden Gem
Spanking the Monkey (1994),3.074074074074074,27,Flop
Spawn (1997),2.6153846153846154,143,Overhyped
"Specialist, The (1994)",2.25,20,Flop
Species (1995),2.8666666666666667,45,Flop
Speechless (1994),3.0833333333333335,36,Flop
Speed (1994),3.6478260869565218,230,Overhyped
Speed 2: Cruise Control (1997),2.1315789473684212,38,Flop
Spellbound (1945),3.933333333333333,30,Flop
Sphere (1998),2.926829268292683,41,Flop
Spice World (1997),2.1153846153846154,26,Flop
Spirits of the Dead (Tre passi nel delirio) (1968),2.5,2,Flop
"Spitfire Grill, The (1996)",3.804123711340206,97,Flop
Sprung (1997),2.0,3,Flop
Spy Hard (1996),2.511627906976744,43,Flop
Squeeze (1996),1.6666666666666667,3,Flop
Stag (1997),2.111111111111111,9,Flop
Stalingrad (1993),3.1666666666666665,12,Flop
Stalker (1979),3.5454545454545454,11,Flop
Stand by Me (1986),3.881057268722467,227,Overhyped
Star Kid (1997),5.0,3,Hidden Gem
"Star Maker, The (Uomo delle stelle, L') (1995)",3.1666666666666665,12,Flop
Star Maps (1997),3.0526315789473686,19,Flop
Star Trek III: The Search for Spock (1984),3.111111111111111,171,Overhyped
Star Trek IV: The Voyage Home (1986),3.4472361809045227,199,Overhyped
Star Trek V: The Final Frontier (1989),2.3968253968253967,63,Flop
Star Trek VI: The Undiscovered Country (1991),3.279503105590062,161,Overhyped
Star Trek: First Contact (1996),3.66027397260274,365,Overhyped
Star Trek: Generations (1994),3.336206896551724,116,Overhyped
Star Trek: The Motion Picture (1979),3.034188034188034,117,Overhyped
Star Trek: The Wrath of Khan (1982),3.8155737704918034,244,Overhyped
Star Wars (1977),4.3584905660377355,583,Blockbuster
Stargate (1994),3.141732283464567,127,Overhyped
"Stars Fell on Henrietta, The (1995)",2.3333333333333335,3,Flop
Starship Troopers (1997),3.2322274881516586,211,Overhyped
"Steal Big, Steal Little (1995)",2.5714285714285716,7,Flop
Stealing Beauty (1996),3.375,64,Flop
Steel (1997),2.1578947368421053,19,Flop
Stefano Quantestorie (1993),1.0,1,Flop
Stephen King's The Langoliers (1995),2.413793103448276,29,Flop
"Sting, The (1973)",4.058091286307054,241,Blockbuster
Stonewall (1995),4.2,5,Hidden Gem
"Story of Xinghua, The (1993)",3.2,5,Flop
Strange Days (1995),3.264367816091954,87,Flop
Stranger in the House (1997),2.4285714285714284,7,Flop
"Stranger, The (1994)",3.0,3,Flop
Strawberry and Chocolate (Fresa y chocolate) (1993),3.272727272727273,11,Flop
Street Fighter (1994),2.75,8,Flop
"Streetcar Named Desire, A (1951)",3.816326530612245,98,Flop
Strictly Ballroom (1992),4.028846153846154,104,Blockbuster
Striking Distance (1993),2.5833333333333335,12,Flop
Stripes (1981),3.8,5,Flop
Striptease (1996),2.2388059701492535,67,Flop
Stuart Saves His Family (1995),2.125,16,Flop
"Stupids, The (1996)",2.0,17,Flop
SubUrbia (1997),3.6666666666666665,12,Flop
"Substance of Fire, The (1996)",3.25,4,Flop
"Substitute, The (1996)",2.693877551020408,49,Flop
Sudden Death (1995),2.723404255319149,47,Flop
Sudden Manhattan (1996),1.5,2,Flop
"Sum of Us, The (1994)",3.5454545454545454,11,Flop
"Sunchaser, The (1996)",3.0,1,Flop
Sunset Blvd. (1950),4.2,65,Hidden Gem
Sunset Park (1996),2.5,8,Flop
Super Mario Bros. (1993),2.076923076923077,26,Flop
Supercop (1992),3.5384615384615383,65,Flop
Surviving Picasso (1996),3.1052631578947367,19,Flop
Surviving the Game (1994),2.4545454545454546,11,Flop
Suture (1993),2.25,4,Flop
"Swan Princess, The (1994)",2.857142857142857,7,Flop
"Sweet Hereafter, The (1997)",3.772727272727273,44,Flop
Sweet Nothing (1995),3.0,1,Flop
Swept from the Sea (1997),2.4285714285714284,7,Flop
Swimming with Sharks (1995),3.574468085106383,47,Flop
Swingers (1996),3.828025477707006,157,Overhyped
Swiss Family Robinson (1960),3.358974358974359,39,Flop
Switchback (1997),2.823529411764706,17,Flop
Switchblade Sisters (1975),3.230769230769231,13,Flop
"Sword in the Stone, The (1963)",3.3292682926829267,82,Flop
"Symphonie pastorale, La (1946)",1.0,1,Flop
T-Men (1947),1.0,1,Flop
Tainted (1998),3.0,1,Flop
Tales From the Crypt Presents: Demon Knight (1995),2.9767441860465116,43,Flop
Tales from the Crypt Presents: Bordello of Blood (1996),2.6363636363636362,55,Flop
Tales from the Hood (1995),2.037037037037037,27,Flop
Talking About Sex (1994),1.8,5,Flop
"Tango Lesson, The (1997)",3.3846153846153846,13,Flop
Tank Girl (1995),2.8536585365853657,41,Flop
Target (1995),3.0,1,Flop
Taxi Driver (1976),4.1208791208791204,182,Blockbuster
Telling Lies in America (1997),3.230769230769231,13,Flop
Temptress Moon (Feng Yue) (1996),1.6666666666666667,3,Flop
Terminal Velocity (1994),2.676470588235294,34,Flop
Terminator 2: Judgment Day (1991),4.0067796610169495,295,Blockbuster
"Terminator, The (1984)",3.9335548172757475,301,Overhyped
Terror in a Texas Town (1958),1.0,1,Flop
Tetsuo II: Body Hammer (1992),2.6666666666666665,6,Flop
That Darn Cat! (1965),2.473684210526316,19,Flop
That Darn Cat! (1997),2.4634146341463414,41,Flop
That Old Feeling (1997),3.3636363636363638,11,Flop
That Thing You Do! (1996),3.465909090909091,176,Overhyped
The Courtyard (1995),1.0,1,Flop
The Deadly Cure (1996),3.0,2,Flop
The Innocent (1994),3.0,4,Flop
Theodore Rex (1995),1.4,5,Flop
They Made Me a Criminal (1939),5.0,1,Hidden Gem
"Thieves (Voleurs, Les) (1996)",3.7142857142857144,7,Flop
"Thin Blue Line, The (1988)",3.7714285714285714,35,Flop
"Thin Line Between Love and Hate, A (1996)",2.4166666666666665,12,Flop
"Thin Man, The (1934)",4.15,60,Hidden Gem
Things to Do in Denver when You're Dead (1995),3.1549295774647885,71,Flop
Thinner (1996),2.4489795918367347,49,Flop
"Third Man, The (1949)",4.333333333333333,72,Hidden Gem
Thirty-Two Short Films About Glenn Gould (1993),3.9444444444444446,18,Flop
This Is Spinal Tap (1984),3.905759162303665,191,Overhyped
"Thousand Acres, A (1997)",3.4054054054054053,37,Flop
"Three Caballeros, The (1945)",3.272727272727273,22,Flop
Three Colors: Blue (1993),4.015625,64,Hidden Gem
Three Colors: Red (1994),4.0602409638554215,83,Hidden Gem
Three Colors: White (1994),3.864406779661017,59,Flop
Three Lives and Only One Death (1996),3.0,1,Flop
"Three Musketeers, The (1993)",3.303370786516854,89,Flop
Three Wishes (1995),3.2222222222222223,9,Flop
Threesome (1994),2.838709677419355,31,Flop
Tie Me Up! Tie Me Down! (1990),3.1875,32,Flop
"Tie That Binds, The (1995)",2.4285714285714284,7,Flop
Tigrero: A Film That Was Never Made (1994),1.0,1,Flop
Time Tracers (1995),1.5,2,Flop
"Time to Kill, A (1996)",3.685344827586207,232,Overhyped
Timecop (1994),3.096774193548387,31,Flop
Tin Cup (1996),3.160621761658031,193,Overhyped
"Tin Drum, The (Blechtrommel, Die) (1979)",3.7,40,Flop
Tin Men (1987),3.0784313725490198,51,Flop
Titanic (1997),4.2457142857142856,350,Blockbuster
To Be or Not to Be (1942),3.611111111111111,18,Flop
To Catch a Thief (1955),4.02,50,Hidden Gem
To Cross the Rubicon (1991),1.0,1,Flop
To Die For (1995),3.2758620689655173,87,Flop
To Gillian on Her 37th Birthday (1996),3.0681818181818183,44,Flop
"To Have, or Not (1995)",2.0,2,Flop
To Kill a Mockingbird (1962),4.292237442922374,219,Blockbuster
To Live (Huozhe) (1994),3.7857142857142856,14,Flop
"To Wong Foo, Thanks for Everything! Julie Newmar (1995)",2.8947368421052633,57,Flop
Tokyo Fist (1995),4.0,1,Hidden Gem
Tom & Viv (1994),3.3333333333333335,9,Flop
Tom and Huck (1995),3.1666666666666665,12,Flop
Tombstone (1993),3.6666666666666665,108,Overhyped
Tommy Boy (1995),2.909090909090909,66,Flop
Tomorrow Never Dies (1997),3.4277777777777776,180,Overhyped
Top Gun (1986),3.481818181818182,220,Overhyped
Top Hat (1935),4.0476190476190474,21,Hidden Gem
Total Eclipse (1995),2.75,4,Flop
Touch (1997),2.7777777777777777,9,Flop
Touch of Evil (1958),3.911764705882353,34,Flop
Tough and Deadly (1995),3.0,2,Flop
Touki Bouki (Journey of the Hyena) (1973),1.0,1,Flop
Toy Story (1995),3.8783185840707963,452,Overhyped
Trainspotting (1996),3.884,250,Overhyped
"Transformers: The Movie, The (1986)",2.84375,32,Flop
Traveller (1997),3.3076923076923075,13,Flop
"Treasure of the Sierra Madre, The (1948)",4.1,80,Hidden Gem
Trees Lounge (1996),3.24,50,Flop
Trial and Error (1997),2.5217391304347827,23,Flop
Trial by Jury (1994),2.4285714285714284,7,Flop
"Trigger Effect, The (1996)",3.2,35,Flop
True Crime (1995),3.3333333333333335,9,Flop
True Lies (1994),3.5625,208,Overhyped
True Romance (1993),3.6153846153846154,104,Overhyped
"Truman Show, The (1998)",2.909090909090909,11,Flop
Trust (1990),3.789473684210526,19,Flop
"Truth About Cats & Dogs, The (1996)",3.485294117647059,272,Overhyped
"Truth or Consequences, N.M. (1997)",2.0,3,Flop
Turbo: A Power Rangers Movie (1997),1.8,5,Flop
Turbulence (1997),2.5652173913043477,23,Flop
"Turning, The (1992)",2.5,2,Flop
Twelfth Night (1996),3.413793103448276,29,Flop
Twelve Monkeys (1995),3.798469387755102,392,Overhyped
Twilight (1998),2.5,4,Flop
Twin Town (1997),2.1666666666666665,6,Flop
Twisted (1996),3.5,6,Flop
Twister (1996),3.2150170648464163,293,Overhyped
Two Bits (1995),2.2,5,Flop
Two Deaths (1995),2.25,4,Flop
Two Friends (1986) ,3.0,1,Flop
Two Much (1996),2.4285714285714284,7,Flop
Two if by Sea (1996),2.6,25,Flop
Two or Three Things I Know About Her (1966),3.75,4,Flop
U Turn (1997),3.359375,64,Flop
U.S. Marshalls (1998),3.0,9,Flop
Ulee's Gold (1997),3.760869565217391,184,Overhyped
"Umbrellas of Cherbourg, The (Parapluies de Cherbourg, Les) (1964)",3.761904761904762,21,Flop
"Unbearable Lightness of Being, The (1988)",3.4565217391304346,92,Flop
Under Siege (1992),3.2903225806451615,124,Overhyped
Under Siege 2: Dark Territory (1995),2.4583333333333335,48,Flop
Underground (1995),2.8,5,Flop
"Underneath, The (1995)",2.75,4,Flop
Underworld (1997),2.5,4,Flop
Unforgettable (1996),3.323529411764706,34,Flop
Unforgiven (1992),3.868131868131868,182,Overhyped
Unhook the Stars (1996),2.5,10,Flop
Unstrung Heroes (1995),3.3181818181818183,22,Flop
Until the End of the World (Bis ans Ende der Welt) (1991),2.8260869565217392,23,Flop
Unzipped (1995),3.5454545454545454,11,Flop
Up Close and Personal (1996),3.1882352941176473,85,Flop
Up in Smoke (1978),3.25531914893617,47,Flop
"Usual Suspects, The (1995)",4.385767790262173,267,Blockbuster
Vampire in Brooklyn (1995),1.8333333333333333,12,Flop
"Van, The (1996)",2.6666666666666665,6,Flop
Vanya on 42nd Street (1994),3.5925925925925926,27,Flop
Vegas Vacation (1997),2.4,75,Flop
Venice/Venice (1992),1.0,2,Flop
Vermin (1998),2.0,2,Flop
Vermont Is For Lovers (1992),1.0,1,Flop
Vertigo (1958),4.251396648044692,179,Blockbuster
"Very Brady Sequel, A (1996)",2.3978494623655915,93,Flop
"Very Natural Thing, A (1974)",1.0,1,Flop
Victor/Victoria (1982),3.3376623376623376,77,Flop
"Vie est belle, La (Life is Rosey) (1987)",1.0,1,Flop
Village of the Damned (1995),2.6818181818181817,22,Flop
Virtuosity (1995),2.736842105263158,38,Flop
"Visitors, The (Visiteurs, Les) (1993)",3.5,2,Flop
Volcano (1997),2.808219178082192,219,Overhyped
Wag the Dog (1997),3.510948905109489,137,Overhyped
Waiting for Guffman (1996),4.127659574468085,47,Hidden Gem
Waiting to Exhale (1995),2.5,16,Flop
"Walk in the Clouds, A (1995)",3.2857142857142856,63,Flop
"Walk in the Sun, A (1945)",3.0,1,Flop
Walkabout (1971),3.8461538461538463,26,Flop
"Walking Dead, The (1995)",2.25,4,Flop
Walking and Talking (1996),3.625,8,Flop
Wallace & Gromit: The Best of Aardman Animation (1996),4.447761194029851,67,Hidden Gem
"War Room, The (1993)",3.3333333333333335,9,Flop
"War at Home, The (1996)",2.0,1,Flop
"War, The (1994)",3.2666666666666666,15,Flop
Warriors of Virtue (1997),3.0,10,Flop
Washington Square (1997),3.2941176470588234,34,Flop
Waterworld (1995),2.803921568627451,102,Overhyped
Wedding Bell Blues (1996),3.0,1,Flop
"Wedding Gift, The (1994)",4.0,3,Hidden Gem
"Wedding Singer, The (1998)",3.486111111111111,72,Flop
Weekend at Bernie's (1989),2.6166666666666667,60,Flop
Welcome To Sarajevo (1997),3.3636363636363638,22,Flop
Welcome to the Dollhouse (1995),3.7232142857142856,112,Overhyped
Wend Kuuni (God's Gift) (1982),1.0,1,Flop
Wes Craven's New Nightmare (1994),2.8,35,Flop
What Happened Was... (1994),2.625,8,Flop
What's Eating Gilbert Grape (1993),3.5391304347826087,115,Overhyped
What's Love Got to Do with It (1993),3.488888888888889,45,Flop
When Harry Met Sally... (1989),3.910344827586207,290,Overhyped
When Night Is Falling (1995),3.4,5,Flop
When We Were Kings (1996),4.045454545454546,44,Hidden Gem
When a Man Loves a Woman (1994),3.4871794871794872,39,Flop
When the Cats Away (Chacun cherche son chat) (1996),3.5625,16,Flop
While You Were Sleeping (1995),3.549382716049383,162,Overhyped
"White Balloon, The (1995)",2.8,10,Flop
White Man's Burden (1995),2.0,10,Flop
White Squall (1996),3.4,85,Flop
"Whole Wide World, The (1996)",4.0,6,Hidden Gem
Widows' Peak (1994),3.5789473684210527,19,Flop
"Wife, The (1995)",3.0,1,Flop
Wild America (1997),2.888888888888889,9,Flop
Wild Bill (1995),2.5,12,Flop
"Wild Bunch, The (1969)",4.023255813953488,43,Hidden Gem
Wild Reeds (1994),3.142857142857143,14,Flop
Wild Things (1998),2.727272727272727,11,Flop
William Shakespeare's Romeo and Juliet (1996),3.5943396226415096,106,Overhyped
Willy Wonka and the Chocolate Factory (1971),3.6319018404907975,326,Overhyped
Window to Paris (1994),4.0,1,Hidden Gem
Wings of Courage (1995),4.0,1,Hidden Gem
Wings of Desire (1987),4.0,57,Hidden Gem
"Wings of the Dove, The (1997)",3.68,75,Flop
Winnie the Pooh and the Blustery Day (1968),3.8,75,Flop
"Winter Guest, The (1997)",3.4444444444444446,9,Flop
Wishmaster (1997),2.4444444444444446,27,Flop
With Honors (1994),3.0652173913043477,46,Flop
Withnail and I (1987),3.230769230769231,13,Flop
Witness (1985),4.0,1,Hidden Gem
"Wizard of Oz, The (1939)",4.0772357723577235,246,Blockbuster
Wolf (1994),2.701492537313433,67,Flop
"Woman in Question, The (1950)",1.0,1,Flop
"Women, The (1939)",3.6666666666666665,15,Flop
"Wonderful, Horrible Life of Leni Riefenstahl, The (1993)",4.0,10,Hidden Gem
Wonderland (1997),3.2,10,Flop
"Wooden Man's Bride, The (Wu Kui) (1994)",2.6666666666666665,3,Flop
"World of Apu, The (Apur Sansar) (1959)",4.0,6,Hidden Gem
"Wrong Trousers, The (1993)",4.466101694915254,118,Blockbuster
Wyatt Earp (1994),3.1,50,Flop
Yankee Zulu (1994),1.0,1,Flop
Year of the Horse (1997),3.2857142857142856,7,Flop
You So Crazy (1994),3.0,1,Flop
Young Frankenstein (1974),3.945,200,Overhyped
Young Guns (1988),3.207920792079208,101,Overhyped
Young Guns II (1990),2.772727272727273,44,Flop
"Young Poisoner's Handbook, The (1995)",3.341463414634146,41,Flop
Zeus and Roxanne (1997),2.1666666666666665,6,Flop
unknown,3.4444444444444446,9,Flop
Á köldum klaka (Cold Fever) (1994),3.0,1,Flop
